<?xml version="1.0" encoding="UTF-8" standalone="no"?>
<raConfiguration version="6">
  <generalSettings>
    <option key="#Board#" value="board.ra2l1_ek" />
    <option key="CPU" value="RA2L1" />
    <option key="#TargetName#" value="R7FA2L1AB2DFP" />
    <option key="#TargetARCHITECTURE#" value="cortex-m23" />
    <option key="#DeviceCommand#" value="R7FA2L1AB" />
    <option key="#RTOS#" value="rtos.awsfreertos" />
    <option key="#pinconfiguration#" value="R7FA2L1AB2DFP.pincfg" />
    <option key="#FSPVersion#" value="2.4.0" />
    <option key="#ConfigurationFragments#" value="Renesas##BSP##Board##ra2l1_eek##|Renesas##BSP##Board##ra2l1_ek##" />
    <option key="#SELECTED_TOOLCHAIN#" value="gcc-arm-embedded" />
    <option key="#ToolchainVersion#" value="9.2.1.20191025" />
  </generalSettings>
  <raBspConfiguration>
    <config id="config.bsp.ra2l1.R7FA2L1AB2DFP">
      <property id="config.bsp.part_number" value="config.bsp.part_number.value" />
      <property id="config.bsp.rom_size_bytes" value="config.bsp.rom_size_bytes.value" />
      <property id="config.bsp.ram_size_bytes" value="config.bsp.ram_size_bytes.value" />
      <property id="config.bsp.data_flash_size_bytes" value="config.bsp.data_flash_size_bytes.value" />
      <property id="config.bsp.package_style" value="config.bsp.package_style.value" />
      <property id="config.bsp.package_pins" value="config.bsp.package_pins.value" />
    </config>
    <config id="config.bsp.ra2l1">
      <property id="config.bsp.series" value="config.bsp.series.value" />
    </config>
    <config id="config.bsp.ra2l1.fsp">
      <property id="config.bsp.fsp.OFS0.iwdt_start_mode" value="config.bsp.fsp.OFS0.iwdt_start_mode.disabled" />
      <property id="config.bsp.fsp.OFS0.iwdt_timeout" value="config.bsp.fsp.OFS0.iwdt_timeout.2048" />
      <property id="config.bsp.fsp.OFS0.iwdt_divisor" value="config.bsp.fsp.OFS0.iwdt_divisor.128" />
      <property id="config.bsp.fsp.OFS0.iwdt_window_end" value="config.bsp.fsp.OFS0.iwdt_window_end.0" />
      <property id="config.bsp.fsp.OFS0.iwdt_window_start" value="config.bsp.fsp.OFS0.iwdt_window_start.100" />
      <property id="config.bsp.fsp.OFS0.iwdt_reset_interrupt" value="config.bsp.fsp.OFS0.iwdt_reset_interrupt.Reset" />
      <property id="config.bsp.fsp.OFS0.iwdt_stop_control" value="config.bsp.fsp.OFS0.iwdt_stop_control.stops" />
      <property id="config.bsp.fsp.OFS0.wdt_start_mode" value="config.bsp.fsp.OFS0.wdt_start_mode.register" />
      <property id="config.bsp.fsp.OFS0.wdt_timeout" value="config.bsp.fsp.OFS0.wdt_timeout.16384" />
      <property id="config.bsp.fsp.OFS0.wdt_divisor" value="config.bsp.fsp.OFS0.wdt_divisor.128" />
      <property id="config.bsp.fsp.OFS0.wdt_window_end" value="config.bsp.fsp.OFS0.wdt_window_end.0" />
      <property id="config.bsp.fsp.OFS0.wdt_window_start" value="config.bsp.fsp.OFS0.wdt_window_start.100" />
      <property id="config.bsp.fsp.OFS0.wdt_reset_interrupt" value="config.bsp.fsp.OFS0.wdt_reset_interrupt.Reset" />
      <property id="config.bsp.fsp.OFS0.wdt_stop_control" value="config.bsp.fsp.OFS0.wdt_stop_control.stops" />
      <property id="config.bsp.fsp.OFS1.voltage_detection0.start" value="config.bsp.fsp.OFS1.voltage_detection0.start.disabled" />
      <property id="config.bsp.fsp.OFS1.voltage_detection0_level" value="config.bsp.fsp.OFS1.voltage_detection0_level.190" />
      <property id="config.bsp.fsp.OFS1.hoco_osc" value="config.bsp.fsp.OFS1.hoco_osc.enabled" />
      <property id="config.bsp.low_voltage_mode" value="config.bsp.low_voltage_mode.disabled" />
      <property id="config.bsp.fsp.mpu_pc0_enable" value="config.bsp.fsp.mpu_pc0_enable.disabled" />
      <property id="config.bsp.fsp.mpu_pc0_start" value="0x000FFFFC" />
      <property id="config.bsp.fsp.mpu_pc0_end" value="0x000FFFFF" />
      <property id="config.bsp.fsp.mpu_pc1_enable" value="config.bsp.fsp.mpu_pc1_enable.disabled" />
      <property id="config.bsp.fsp.mpu_pc1_start" value="0x000FFFFC" />
      <property id="config.bsp.fsp.mpu_pc1_end" value="0x000FFFFF" />
      <property id="config.bsp.fsp.mpu_reg0_enable" value="config.bsp.fsp.mpu_reg0_enable.disabled" />
      <property id="config.bsp.fsp.mpu_reg0_start" value="0x000FFFFC" />
      <property id="config.bsp.fsp.mpu_reg0_end" value="0x000FFFFF" />
      <property id="config.bsp.fsp.mpu_reg1_enable" value="config.bsp.fsp.mpu_reg1_enable.disabled" />
      <property id="config.bsp.fsp.mpu_reg1_start" value="0x200FFFFC" />
      <property id="config.bsp.fsp.mpu_reg1_end" value="0x200FFFFF" />
      <property id="config.bsp.fsp.mpu_reg2_enable" value="config.bsp.fsp.mpu_reg2_enable.disabled" />
      <property id="config.bsp.fsp.mpu_reg2_start" value="0x407FFFFC" />
      <property id="config.bsp.fsp.mpu_reg2_end" value="0x407FFFFF" />
      <property id="config.bsp.fsp.mpu_reg3_enable" value="config.bsp.fsp.mpu_reg3_enable.disabled" />
      <property id="config.bsp.fsp.mpu_reg3_start" value="0x400DFFFC" />
      <property id="config.bsp.fsp.mpu_reg3_end" value="0x400DFFFF" />
      <property id="config.bsp.fsp.mcu.adc.max_freq_hz" value="64000000" />
      <property id="config.bsp.fsp.mcu.sci_uart.max_baud" value="3333333" />
      <property id="config.bsp.fsp.mcu.adc.sample_and_hold" value="0" />
      <property id="config.bsp.fsp.mcu.sci_spi.max_bitrate" value="8000000" />
      <property id="config.bsp.fsp.mcu.spi.max_bitrate" value="16000000" />
      <property id="config.bsp.common.id_mode" value="config.bsp.common.id_mode.unlocked" />
      <property id="config.bsp.common.id_code" value="FFFFFFFFFFFFFFFFFFFFFFFFFFFFFFFF" />
      <property id="config.bsp.common.id1" value="" />
      <property id="config.bsp.common.id2" value="" />
      <property id="config.bsp.common.id3" value="" />
      <property id="config.bsp.common.id4" value="" />
      <property id="config.bsp.common.id_fixed" value="" />
    </config>
    <config id="config.bsp.ra">
      <property id="config.bsp.common.main" value="0x400" />
      <property id="config.bsp.common.heap" value="0x400" />
      <property id="config.bsp.common.vcc" value="3300" />
      <property id="config.bsp.common.checking" value="config.bsp.common.checking.enabled" />
      <property id="config.bsp.common.assert" value="config.bsp.common.assert.none" />
      <property id="config.bsp.common.error_log" value="config.bsp.common.error_log.none" />
      <property id="config.bsp.common.soft_reset" value="config.bsp.common.soft_reset.disabled" />
      <property id="config.bsp.common.main_osc_populated" value="config.bsp.common.main_osc_populated.enabled" />
      <property id="config.bsp.common.pfs_protect" value="config.bsp.common.pfs_protect.enabled" />
      <property id="config.bsp.common.c_runtime_init" value="config.bsp.common.c_runtime_init.enabled" />
      <property id="config.bsp.common.main_osc_wait" value="config.bsp.common.main_osc_wait.wait_8163" />
      <property id="config.bsp.common.main_osc_clock_source" value="config.bsp.common.main_osc_clock_source.crystal" />
      <property id="config.bsp.common.subclock_populated" value="config.bsp.common.subclock_populated.enabled" />
      <property id="config.bsp.common.subclock_drive" value="config.bsp.common.subclock_drive.standard" />
      <property id="config.bsp.common.subclock_stabilization_ms" value="1000" />
    </config>
  </raBspConfiguration>
  <raClockConfiguration>
    <node id="board.clock.xtal.freq" mul="16000000" option="_edit" />
    <node id="board.clock.hoco.freq" option="board.clock.hoco.freq.48m" />
    <node id="board.clock.loco.freq" option="board.clock.loco.freq.32768" />
    <node id="board.clock.moco.freq" option="board.clock.moco.freq.8m" />
    <node id="board.clock.subclk.freq" option="board.clock.subclk.freq.32768" />
    <node id="board.clock.clock.source" option="board.clock.clock.source.hoco" />
    <node id="board.clock.iclk.div" option="board.clock.iclk.div.1" />
    <node id="board.clock.iclk.display" option="board.clock.iclk.display.value" />
    <node id="board.clock.pclkb.div" option="board.clock.pclkb.div.2" />
    <node id="board.clock.pclkb.display" option="board.clock.pclkb.display.value" />
    <node id="board.clock.pclkd.div" option="board.clock.pclkd.div.1" />
    <node id="board.clock.pclkd.display" option="board.clock.pclkd.display.value" />
    <node id="board.clock.clkout.source" option="board.clock.clkout.source.disabled" />
    <node id="board.clock.clkout.div" option="board.clock.clkout.div.1" />
    <node id="board.clock.clkout.display" option="board.clock.clkout.display.value" />
  </raClockConfiguration>
  <raComponentSelection>
    <component apiversion="" class="Common" condition="" group="all" subgroup="fsp_common" variant="" vendor="Renesas" version="2.4.0">
      <description>Board Support Package Common Files</description>
      <originalPack>Renesas.RA.2.4.0.pack</originalPack>
    </component>
    <component apiversion="" class="HAL Drivers" condition="" group="all" subgroup="r_ioport" variant="" vendor="Renesas" version="2.4.0">
      <description>I/O Port</description>
      <originalPack>Renesas.RA.2.4.0.pack</originalPack>
    </component>
    <component apiversion="" class="RTOS" condition="" group="FreeRTOS" subgroup="all" variant="" vendor="AWS" version="2.4.0">
      <description>FreeRTOS</description>
      <originalPack>Amazon.AWS.2.4.0.pack</originalPack>
    </component>
    <component apiversion="" class="CMSIS" condition="" group="CMSIS5" subgroup="CoreM" variant="" vendor="Arm" version="5.7.0+fsp.2.4.0">
      <description>Arm CMSIS Version 5 - Core (M)</description>
      <originalPack>Arm.CMSIS5.5.7.0+fsp.2.4.0.pack</originalPack>
    </component>
    <component apiversion="" class="BSP" condition="" group="ra2l1" subgroup="device" variant="R7FA2L1AB2DFP" vendor="Renesas" version="2.4.0">
      <description>Board support package for R7FA2L1AB2DFP</description>
      <originalPack>Renesas.RA_mcu_ra2l1.2.4.0.pack</originalPack>
    </component>
    <component apiversion="" class="BSP" condition="" group="ra2l1" subgroup="device" variant="" vendor="Renesas" version="2.4.0">
      <description>Board support package for RA2L1</description>
      <originalPack>Renesas.RA_mcu_ra2l1.2.4.0.pack</originalPack>
    </component>
    <component apiversion="" class="BSP" condition="" group="ra2l1" subgroup="fsp" variant="" vendor="Renesas" version="2.4.0">
      <description>Board support package for RA2L1 - FSP Data</description>
      <originalPack>Renesas.RA_mcu_ra2l1.2.4.0.pack</originalPack>
    </component>
    <component apiversion="" class="Heaps" condition="" group="FreeRTOS" subgroup="heap_2" variant="" vendor="AWS" version="2.4.0">
      <description>FreeRTOS - Memory Management - Heap 2</description>
      <originalPack>Amazon.AWS.2.4.0.pack</originalPack>
    </component>
    <component apiversion="" class="HAL Drivers" condition="" group="all" subgroup="r_gpt" variant="" vendor="Renesas" version="2.4.0">
      <description>General PWM Timer</description>
      <originalPack>Renesas.RA.2.4.0.pack</originalPack>
    </component>
    <component apiversion="" class="BSP" condition="" group="Board" subgroup="ra2l1_ek" variant="" vendor="Renesas" version="2.4.0">
      <description>RA2L1-EK Board Support Files</description>
      <originalPack>Renesas.RA_board_ra2l1_ek.2.4.0.pack</originalPack>
    </component>
  </raComponentSelection>
  <raElcConfiguration />
  <raIcuConfiguration />
  <raModuleConfiguration>
    <module id="module.driver.ioport_on_ioport.0">
      <property id="module.driver.ioport.name" value="g_ioport" />
      <property id="module.driver.ioport.elc_trigger_ioport1" value="_disabled" />
      <property id="module.driver.ioport.elc_trigger_ioport2" value="_disabled" />
      <property id="module.driver.ioport.elc_trigger_ioport3" value="_disabled" />
      <property id="module.driver.ioport.elc_trigger_ioport4" value="_disabled" />
    </module>
    <module id="module.driver.timer_on_gpt.1230824619">
      <property id="module.driver.timer.name" value="g_periodic_timer_msgq" />
      <property id="module.driver.timer.channel" value="0" />
      <property id="module.driver.timer.mode" value="module.driver.timer.mode.mode_periodic" />
      <property id="module.driver.timer.period" value="1" />
      <property id="module.driver.timer.unit" value="module.driver.timer.unit.unit_period_sec" />
      <property id="module.driver.timer.duty_cycle" value="50" />
      <property id="module.driver.timer.gtioca_output_enabled" value="module.driver.timer.gtioca_output_enabled.false" />
      <property id="module.driver.timer.gtioca_stop_level" value="module.driver.timer.gtioca_stop_level.pin_level_low" />
      <property id="module.driver.timer.gtiocb_output_enabled" value="module.driver.timer.gtiocb_output_enabled.false" />
      <property id="module.driver.timer.gtiocb_stop_level" value="module.driver.timer.gtiocb_stop_level.pin_level_low" />
      <property id="module.driver.timer.count_up_source" value="" />
      <property id="module.driver.timer.count_down_source" value="" />
      <property id="module.driver.timer.start_source" value="" />
      <property id="module.driver.timer.stop_source" value="" />
      <property id="module.driver.timer.clear_source" value="" />
      <property id="module.driver.timer.capture_a_source" value="" />
      <property id="module.driver.timer.capture_b_source" value="" />
      <property id="module.driver.timer.gtioca_filter" value="module.driver.timer.gtioc_filter.gtioc_filter_none" />
      <property id="module.driver.timer.gtiocb_filter" value="module.driver.timer.gtioc_filter.gtioc_filter_none" />
      <property id="module.driver.timer.p_callback" value="periodic_timer_msgq_cb" />
      <property id="module.driver.timer.ipl" value="board.icu.common.irq.priority2" />
      <property id="module.driver.timer.capture_a_ipl" value="_disabled" />
      <property id="module.driver.timer.capture_b_ipl" value="_disabled" />
      <property id="module.driver.timer.trough_ipl" value="_disabled" />
      <property id="module.driver.timer.extra" value="module.driver.timer.extra.disabled" />
      <property id="module.driver.timer.poeg_link" value="module.driver.timer.poeg_link.poeg_link_poeg0" />
      <property id="module.driver.timer.output_disable" value="" />
      <property id="module.driver.timer.adc_trigger" value="" />
      <property id="module.driver.timer.dead_time_count_up" value="0" />
      <property id="module.driver.timer.dead_time_count_down" value="0" />
      <property id="module.driver.timer.adc_a_compare_match" value="0" />
      <property id="module.driver.timer.adc_b_compare_match" value="0" />
      <property id="module.driver.timer.interrupt_skip.source" value="module.driver.timer.interrupt_skip.source.none" />
      <property id="module.driver.timer.interrupt_skip.count" value="module.driver.timer.interrupt_skip.count.count_0" />
      <property id="module.driver.timer.interrupt_skip.adc" value="module.driver.timer.interrupt_skip.adc.none" />
      <property id="module.driver.timer.gtioca_disable_setting" value="module.driver.timer.gtioca_disable_setting.gtioc_disable_prohibited" />
      <property id="module.driver.timer.gtiocb_disable_setting" value="module.driver.timer.gtiocb_disable_setting.gtioc_disable_prohibited" />
    </module>
    <module id="module.freertos.heap.2.536499467" />
    <module id="module.driver.timer_on_gpt.392094360">
      <property id="module.driver.timer.name" value="g_periodic_timer_sem" />
      <property id="module.driver.timer.channel" value="0" />
      <property id="module.driver.timer.mode" value="module.driver.timer.mode.mode_periodic" />
      <property id="module.driver.timer.period" value="1" />
      <property id="module.driver.timer.unit" value="module.driver.timer.unit.unit_period_sec" />
      <property id="module.driver.timer.duty_cycle" value="50" />
      <property id="module.driver.timer.gtioca_output_enabled" value="module.driver.timer.gtioca_output_enabled.false" />
      <property id="module.driver.timer.gtioca_stop_level" value="module.driver.timer.gtioca_stop_level.pin_level_low" />
      <property id="module.driver.timer.gtiocb_output_enabled" value="module.driver.timer.gtiocb_output_enabled.false" />
      <property id="module.driver.timer.gtiocb_stop_level" value="module.driver.timer.gtiocb_stop_level.pin_level_low" />
      <property id="module.driver.timer.count_up_source" value="" />
      <property id="module.driver.timer.count_down_source" value="" />
      <property id="module.driver.timer.start_source" value="" />
      <property id="module.driver.timer.stop_source" value="" />
      <property id="module.driver.timer.clear_source" value="" />
      <property id="module.driver.timer.capture_a_source" value="" />
      <property id="module.driver.timer.capture_b_source" value="" />
      <property id="module.driver.timer.gtioca_filter" value="module.driver.timer.gtioc_filter.gtioc_filter_none" />
      <property id="module.driver.timer.gtiocb_filter" value="module.driver.timer.gtioc_filter.gtioc_filter_none" />
      <property id="module.driver.timer.p_callback" value="periodic_timer_semphr_cb" />
      <property id="module.driver.timer.ipl" value="board.icu.common.irq.priority2" />
      <property id="module.driver.timer.capture_a_ipl" value="_disabled" />
      <property id="module.driver.timer.capture_b_ipl" value="_disabled" />
      <property id="module.driver.timer.trough_ipl" value="_disabled" />
      <property id="module.driver.timer.extra" value="module.driver.timer.extra.disabled" />
      <property id="module.driver.timer.poeg_link" value="module.driver.timer.poeg_link.poeg_link_poeg0" />
      <property id="module.driver.timer.output_disable" value="" />
      <property id="module.driver.timer.adc_trigger" value="" />
      <property id="module.driver.timer.dead_time_count_up" value="0" />
      <property id="module.driver.timer.dead_time_count_down" value="0" />
      <property id="module.driver.timer.adc_a_compare_match" value="0" />
      <property id="module.driver.timer.adc_b_compare_match" value="0" />
      <property id="module.driver.timer.interrupt_skip.source" value="module.driver.timer.interrupt_skip.source.none" />
      <property id="module.driver.timer.interrupt_skip.count" value="module.driver.timer.interrupt_skip.count.count_0" />
      <property id="module.driver.timer.interrupt_skip.adc" value="module.driver.timer.interrupt_skip.adc.none" />
      <property id="module.driver.timer.gtioca_disable_setting" value="module.driver.timer.gtioca_disable_setting.gtioc_disable_prohibited" />
      <property id="module.driver.timer.gtiocb_disable_setting" value="module.driver.timer.gtiocb_disable_setting.gtioc_disable_prohibited" />
    </module>
    <object id="rtos.awsfreertos.object.queue.130131737">
      <property id="rtos.awsfreertos.object.queue.symbol" value="g_queue" />
      <property id="rtos.awsfreertos.object.queue.item_size" value="15" />
      <property id="rtos.awsfreertos.object.queue.queue_length" value="4" />
      <property id="rtos.awsfreertos.object.queue.allocation" value="rtos.awsfreertos.object.queue.allocation.static" />
    </object>
    <object id="rtos.awsfreertos.object.binary_semaphore.1094552625">
      <property id="rtos.awsfreertos.object.binary_semaphore.symbol" value="g_binary_semaphore" />
      <property id="rtos.awsfreertos.object.binary_semaphore.allocation" value="rtos.awsfreertos.object.binary_semaphore.allocation.static" />
    </object>
    <context id="_hal.0">
      <stack module="module.driver.ioport_on_ioport.0" />
      <stack module="module.driver.timer_on_gpt.1230824619" />
      <stack module="module.freertos.heap.2.536499467" />
      <stack module="module.driver.timer_on_gpt.392094360" />
    </context>
    <context id="rtos.awsfreertos.thread.995247868">
      <property id="_symbol" value="sender_task" />
      <property id="rtos.awsfreertos.thread.name" value="Sender Task" />
      <property id="rtos.awsfreertos.thread.stack" value="1024" />
      <property id="rtos.awsfreertos.thread.priority" value="1" />
      <property id="rtos.awsfreertos.thread.context" value="NULL" />
      <property id="rtos.awsfreertos.thread.allocation" value="rtos.awsfreertos.thread.allocation.static" />
      <property id="rtos.awsfreertos.thread.secure_context" value="rtos.awsfreertos.thread.secure_context.enable" />
    </context>
    <context id="rtos.awsfreertos.thread.2073831844">
      <property id="_symbol" value="receiver_task" />
      <property id="rtos.awsfreertos.thread.name" value="Receiver Task" />
      <property id="rtos.awsfreertos.thread.stack" value="1024" />
      <property id="rtos.awsfreertos.thread.priority" value="1" />
      <property id="rtos.awsfreertos.thread.context" value="NULL" />
      <property id="rtos.awsfreertos.thread.allocation" value="rtos.awsfreertos.thread.allocation.dynamic" />
      <property id="rtos.awsfreertos.thread.secure_context" value="rtos.awsfreertos.thread.secure_context.enable" />
    </context>
    <context id="rtos.awsfreertos.thread.759212463">
      <property id="_symbol" value="semaphore_task" />
      <property id="rtos.awsfreertos.thread.name" value="Semaphore Task" />
      <property id="rtos.awsfreertos.thread.stack" value="1024" />
      <property id="rtos.awsfreertos.thread.priority" value="1" />
      <property id="rtos.awsfreertos.thread.context" value="NULL" />
      <property id="rtos.awsfreertos.thread.allocation" value="rtos.awsfreertos.thread.allocation.dynamic" />
      <property id="rtos.awsfreertos.thread.secure_context" value="rtos.awsfreertos.thread.secure_context.enable" />
    </context>
    <config id="config.driver.ioport">
      <property id="config.driver.ioport.checking" value="config.driver.ioport.checking.system" />
    </config>
    <config id="config.driver.gpt">
      <property id="config.driver.gpt.param_checking_enable" value="config.driver.gpt.param_checking_enable.bsp" />
      <property id="config.driver.gpt.output_support_enable" value="config.driver.gpt.output_support_enable.disabled" />
      <property id="config.driver.gpt.write_protect_enable" value="config.driver.gpt.write_protect_enable.disabled" />
    </config>
    <config id="config.awsfreertos.thread">
      <property id="config.awsfreertos.custom_freertosconfig" value="" />
      <property id="config.awsfreertos.thread.configuse_preemption" value="config.awsfreertos.thread.configuse_preemption.enabled" />
      <property id="config.awsfreertos.thread.configuse_port_optimised_task_selection" value="config.awsfreertos.thread.configuse_port_optimised_task_selection.disabled" />
      <property id="config.awsfreertos.thread.configuse_tickless_idle" value="config.awsfreertos.thread.configuse_tickless_idle.disabled" />
      <property id="config.awsfreertos.thread.configuse_idle_hook" value="config.awsfreertos.thread.configuse_idle_hook.enabled" />
      <property id="config.awsfreertos.thread.configuse_malloc_failed_hook" value="config.awsfreertos.thread.configuse_malloc_failed_hook.disabled" />
      <property id="config.awsfreertos.thread.configuse_daemon_task_startup_hook" value="config.awsfreertos.thread.configuse_daemon_task_startup_hook.disabled" />
      <property id="config.awsfreertos.thread.configuse_tick_hook" value="config.awsfreertos.thread.configuse_tick_hook.disabled" />
      <property id="config.awsfreertos.thread.configcpu_clock_hz" value="SystemCoreClock" />
      <property id="config.awsfreertos.thread.configtick_rate_hz" value="1000" />
      <property id="config.awsfreertos.thread.configmax_priorities" value="5" />
      <property id="config.awsfreertos.thread.configminimal_stack_size" value="128" />
      <property id="config.awsfreertos.thread.configmax_task_name_len" value="16" />
      <property id="config.awsfreertos.thread.configuse_trace_facility" value="config.awsfreertos.thread.configuse_trace_facility.disabled" />
      <property id="config.awsfreertos.thread.configuse_stats_formatting_functions" value="config.awsfreertos.thread.configuse_stats_formatting_functions.disabled" />
      <property id="config.awsfreertos.thread.configuse_16_bit_ticks" value="config.awsfreertos.thread.configuse_16_bit_ticks.disabled" />
      <property id="config.awsfreertos.thread.configidle_should_yield" value="config.awsfreertos.thread.configidle_should_yield.enabled" />
      <property id="config.awsfreertos.thread.configuse_task_notifications" value="config.awsfreertos.thread.configuse_task_notifications.enabled" />
      <property id="config.awsfreertos.thread.configuse_mutexes" value="config.awsfreertos.thread.configuse_mutexes.disabled" />
      <property id="config.awsfreertos.thread.configuse_recursive_mutexes" value="config.awsfreertos.thread.configuse_recursive_mutexes.disabled" />
      <property id="config.awsfreertos.thread.configuse_counting_semaphores" value="config.awsfreertos.thread.configuse_counting_semaphores.enabled" />
      <property id="config.awsfreertos.thread.configcheck_for_stack_overflow" value="config.awsfreertos.thread.configcheck_for_stack_overflow.disabled" />
      <property id="config.awsfreertos.thread.configqueue_registry_size" value="10" />
      <property id="config.awsfreertos.thread.configuse_queue_sets" value="config.awsfreertos.thread.configuse_queue_sets.disabled" />
      <property id="config.awsfreertos.thread.configuse_time_slicing" value="config.awsfreertos.thread.configuse_time_slicing.disabled" />
      <property id="config.awsfreertos.thread.configuse_newlib_reentrant" value="config.awsfreertos.thread.configuse_newlib_reentrant.disabled" />
      <property id="config.awsfreertos.thread.configenable_backward_compatibility" value="config.awsfreertos.thread.configenable_backward_compatibility.disabled" />
      <property id="config.awsfreertos.thread.confignum_thread_local_storage_pointers" value="5" />
      <property id="config.awsfreertos.thread.configstack_depth_type" value="uint32_t" />
      <property id="config.awsfreertos.thread.configmessage_buffer_length_type" value="size_t" />
      <property id="config.awsfreertos.thread.configsupport_static_allocation" value="config.awsfreertos.thread.configsupport_static_allocation.enabled" />
      <property id="config.awsfreertos.thread.configsupport_dynamic_allocation" value="config.awsfreertos.thread.configsupport_dynamic_allocation.enabled" />
      <property id="config.awsfreertos.thread.configtotal_heap_size" value="0x1000" />
      <property id="config.awsfreertos.thread.configapplication_allocated_heap" value="config.awsfreertos.thread.configapplication_allocated_heap.disabled" />
      <property id="config.awsfreertos.thread.configgenerate_run_time_stats" value="config.awsfreertos.thread.configgenerate_run_time_stats.disabled" />
      <property id="config.awsfreertos.thread.configuse_timers" value="config.awsfreertos.thread.configuse_timers.enabled" />
      <property id="config.awsfreertos.thread.configtimer_task_priority" value="3" />
      <property id="config.awsfreertos.thread.configtimer_queue_length" value="10" />
      <property id="config.awsfreertos.thread.configtimer_task_stack_depth" value="128" />
      <property id="config.awsfreertos.thread.configlibrary_max_syscall_interrupt_priority" value="board.icu.common.irq.priority1" />
      <property id="config.awsfreertos.thread.configassert" value="if (!(x)) {__BKPT(0);}" />
      <property id="config.awsfreertos.thread.configinclude_application_defined_privileged_functions" value="config.awsfreertos.thread.configinclude_application_defined_privileged_functions.disabled" />
      <property id="config.awsfreertos.thread.include_vtaskpriorityset" value="config.awsfreertos.thread.include_vtaskpriorityset.enabled" />
      <property id="config.awsfreertos.thread.include_uxtaskpriorityget" value="config.awsfreertos.thread.include_uxtaskpriorityget.enabled" />
      <property id="config.awsfreertos.thread.include_vtaskdelete" value="config.awsfreertos.thread.include_vtaskdelete.enabled" />
      <property id="config.awsfreertos.thread.include_vtasksuspend" value="config.awsfreertos.thread.include_vtasksuspend.enabled" />
      <property id="config.awsfreertos.thread.include_xresumefromisr" value="config.awsfreertos.thread.include_xresumefromisr.enabled" />
      <property id="config.awsfreertos.thread.include_vtaskdelayuntil" value="config.awsfreertos.thread.include_vtaskdelayuntil.enabled" />
      <property id="config.awsfreertos.thread.include_vtaskdelay" value="config.awsfreertos.thread.include_vtaskdelay.enabled" />
      <property id="config.awsfreertos.thread.include_xtaskgetschedulerstate" value="config.awsfreertos.thread.include_xtaskgetschedulerstate.enabled" />
      <property id="config.awsfreertos.thread.include_xtaskgetcurrenttaskhandle" value="config.awsfreertos.thread.include_xtaskgetcurrenttaskhandle.enabled" />
      <property id="config.awsfreertos.thread.include_uxtaskgetstackhighwatermark" value="config.awsfreertos.thread.include_uxtaskgetstackhighwatermark.disabled" />
      <property id="config.awsfreertos.thread.include_xtaskgetidletaskhandle" value="config.awsfreertos.thread.include_xtaskgetidletaskhandle.disabled" />
      <property id="config.awsfreertos.thread.include_etaskgetstate" value="config.awsfreertos.thread.include_etaskgetstate.enabled" />
      <property id="config.awsfreertos.thread.include_xeventgroupsetbitfromisr" value="config.awsfreertos.thread.include_xeventgroupsetbitfromisr.enabled" />
      <property id="config.awsfreertos.thread.include_xtimerpendfunctioncall" value="config.awsfreertos.thread.include_xtimerpendfunctioncall.disabled" />
      <property id="config.awsfreertos.thread.include_xtaskabortdelay" value="config.awsfreertos.thread.include_xtaskabortdelay.disabled" />
      <property id="config.awsfreertos.thread.include_xtaskgethandle" value="config.awsfreertos.thread.include_xtaskgethandle.disabled" />
      <property id="config.awsfreertos.thread.include_xtaskresumefromisr" value="config.awsfreertos.thread.include_xtaskresumefromisr.enabled" />
      <property id="config.awsfreertos.thread.include_hw_stack_monitor" value="config.awsfreertos.thread.include_hw_stack_monitor.enabled" />
      <property id="config.awsfreertos.thread.print_function" value="printf(x)" />
      <property id="config.awsfreertos.thread.max_length" value="192" />
      <property id="config.awsfreertos.thread.include_time_and_task" value="config.awsfreertos.thread.include_time_and_task.disabled" />
    </config>
  </raModuleConfiguration>
  <raPinConfiguration>
    <symbolicName propertyId="p000.symbolic_name" value="ARDUINO_A0_MIKROBUS_AN" />
    <symbolicName propertyId="p001.symbolic_name" value="ARDUINO_A1" />
    <symbolicName propertyId="p002.symbolic_name" value="ARDUINO_A2" />
    <symbolicName propertyId="p003.symbolic_name" value="ARDUINO_A3" />
    <symbolicName propertyId="p004.symbolic_name" value="USER_SW1" />
    <symbolicName propertyId="p012.symbolic_name" value="ARDUINO_A4" />
    <symbolicName propertyId="p014.symbolic_name" value="ARDUINO_A5" />
    <symbolicName propertyId="p015.symbolic_name" value="USER_SW2" />
    <symbolicName propertyId="p100.symbolic_name" value="ARDUINO_MISO_MIKROBUS_MISO_PMOD1_MISO" />
    <symbolicName propertyId="p101.symbolic_name" value="ARDUINO_MOSI_MIKROBUS_MOSI_PMOD1_MOSI" />
    <symbolicName propertyId="p102.symbolic_name" value="ARDUINO_CLK_MIKROBUS_CLK_PMOD1_CLK" />
    <symbolicName propertyId="p103.symbolic_name" value="ARDUINO_SS_MIKROBUS_SS_PMOD1_SS" />
    <symbolicName propertyId="p105.symbolic_name" value="PMOD1_IO1" />
    <symbolicName propertyId="p106.symbolic_name" value="PMOD1_IO2" />
    <symbolicName propertyId="p107.symbolic_name" value="ARDUINO_D4" />
    <symbolicName propertyId="p109.symbolic_name" value="ARDUINO_D8" />
    <symbolicName propertyId="p110.symbolic_name" value="ARDUINO_D2_MIKROBUS_INT" />
    <symbolicName propertyId="p111.symbolic_name" value="ARDUINO_D5" />
    <symbolicName propertyId="p112.symbolic_name" value="ARDUINO_D9" />
    <symbolicName propertyId="p113.symbolic_name" value="ARDUINO_D7" />
    <symbolicName propertyId="p202.symbolic_name" value="PMOD2_MISO" />
    <symbolicName propertyId="p203.symbolic_name" value="PMOD2_MOSI" />
    <symbolicName propertyId="p204.symbolic_name" value="PMOD2_CLK" />
    <symbolicName propertyId="p205.symbolic_name" value="PMOD2_SS" />
    <symbolicName propertyId="p206.symbolic_name" value="PMOD2_IO1" />
    <symbolicName propertyId="p207.symbolic_name" value="ARDUINO_RESET_MIKROBUS_RESET" />
    <symbolicName propertyId="p208.symbolic_name" value="PMOD1_RESET" />
    <symbolicName propertyId="p301.symbolic_name" value="GROVE1_SCL_QWIIC_SCL" />
    <symbolicName propertyId="p302.symbolic_name" value="GROVE1_SDA_QWIIC_SDA" />
    <symbolicName propertyId="p303.symbolic_name" value="PMOD2_RESET" />
    <symbolicName propertyId="p304.symbolic_name" value="PMOD2_IO2" />
    <symbolicName propertyId="p400.symbolic_name" value="ARDUINO_D3_MIKROBUS_PWM" />
    <symbolicName propertyId="p402.symbolic_name" value="PMOD1_INT" />
    <symbolicName propertyId="p407.symbolic_name" value="ARDUINO_SDA_MIKROBUS_SDA" />
    <symbolicName propertyId="p408.symbolic_name" value="ARDUINO_SCL_MIKROBUS_SCL" />
    <symbolicName propertyId="p409.symbolic_name" value="PMOD2_INT" />
    <symbolicName propertyId="p410.symbolic_name" value="ARDUINO_RX_MIKROBUS_RX" />
    <symbolicName propertyId="p411.symbolic_name" value="ARDUINO_TX_MIKROBUS_TX" />
    <symbolicName propertyId="p500.symbolic_name" value="ARDUINO_D6" />
    <symbolicName propertyId="p501.symbolic_name" value="GROVE2_SDA" />
    <symbolicName propertyId="p502.symbolic_name" value="GROVE2_SCL" />
    <symbolicName propertyId="p503.symbolic_name" value="USER_LED1" />
    <symbolicName propertyId="p504.symbolic_name" value="USER_LED2" />
    <symbolicName propertyId="p505.symbolic_name" value="USER_LED3" />
    <pincfg active="true" name="RA2L1 EK.pincfg" selected="true" symbol="g_bsp_pin_cfg">
      <configSetting altId="debug0.mode.swd" configurationId="debug0.mode" />
      <configSetting altId="debug0.swclk.p300" configurationId="debug0.swclk" />
      <configSetting altId="debug0.swdio.p108" configurationId="debug0.swdio" />
      <configSetting altId="p108.debug0.swdio" configurationId="p108" />
      <configSetting altId="p108.gpio_mode.gpio_mode_peripheral" configurationId="p108.gpio_mode" />
      <configSetting altId="p207.output.low" configurationId="p207" />
      <configSetting altId="p207.gpio_mode.gpio_mode_out.low" configurationId="p207.gpio_mode" />
      <configSetting altId="p300.debug0.swclk" configurationId="p300" />
      <configSetting altId="p300.gpio_mode.gpio_mode_peripheral" configurationId="p300.gpio_mode" />
      <configSetting altId="p403.output.low" configurationId="p403" />
      <configSetting altId="p403.gpio_mode.gpio_mode_out.low" configurationId="p403.gpio_mode" />
      <configSetting altId="p502.output.low" configurationId="p502" />
      <configSetting altId="p502.gpio_mode.gpio_mode_out.low" configurationId="p502.gpio_mode" />
      <configSetting altId="p503.output.high" configurationId="p503" />
      <configSetting altId="p503.gpio_mode.gpio_mode_out.high" configurationId="p503.gpio_mode" />
    </pincfg>
    <pincfg active="false" name="R7FA2L1AB2DFP.pincfg" selected="false" symbol="">
      <configSetting altId="debug0.mode.swd" configurationId="debug0.mode" />
      <configSetting altId="debug0.swclk.p300" configurationId="debug0.swclk" />
      <configSetting altId="debug0.swdio.p108" configurationId="debug0.swdio" />
      <configSetting altId="p108.debug0.swdio" configurationId="p108" />
      <configSetting altId="p108.gpio_mode.gpio_mode_peripheral" configurationId="p108.gpio_mode" />
      <configSetting altId="p300.debug0.swclk" configurationId="p300" />
      <configSetting altId="p300.gpio_mode.gpio_mode_peripheral" configurationId="p300.gpio_mode" />
    </pincfg>
  </raPinConfiguration>
</raConfiguration>