<?xml version="1.0" encoding="UTF-8" standalone="no"?>
<raConfiguration version="6">
  <generalSettings>
    <option key="#Board#" value="board.ra2l1_ek" />
    <option key="CPU" value="RA2L1" />
    <option key="#TargetName#" value="R7FA2L1AB2DFP" />
    <option key="#TargetARCHITECTURE#" value="cortex-m23" />
    <option key="#DeviceCommand#" value="R7FA2L1AB" />
    <option key="#RTOS#" value="_none" />
    <option key="#pinconfiguration#" value="R7FA2L1AB2DFP.pincfg" />
    <option key="#FSPVersion#" value="2.4.0" />
    <option key="#ConfigurationFragments#" value="Renesas##BSP##Board##ra2l1_ek##" />
    <option key="#SELECTED_TOOLCHAIN#" value="gcc-arm-embedded" />
    <option key="#ToolchainVersion#" value="9.2.1.20191025" />
  </generalSettings>
  <raBspConfiguration>
    <config id="config.bsp.ra2l1.R7FA2L1AB2DFP">
      <property id="config.bsp.part_number" value="config.bsp.part_number.value" />
      <property id="config.bsp.rom_size_bytes" value="config.bsp.rom_size_bytes.value" />
      <property id="config.bsp.ram_size_bytes" value="config.bsp.ram_size_bytes.value" />
      <property id="config.bsp.data_flash_size_bytes" value="config.bsp.data_flash_size_bytes.value" />
      <property id="config.bsp.package_style" value="config.bsp.package_style.value" />
      <property id="config.bsp.package_pins" value="config.bsp.package_pins.value" />
    </config>
    <config id="config.bsp.ra2l1">
      <property id="config.bsp.series" value="config.bsp.series.value" />
    </config>
    <config id="config.bsp.ra2l1.fsp">
      <property id="config.bsp.fsp.OFS0.iwdt_start_mode" value="config.bsp.fsp.OFS0.iwdt_start_mode.disabled" />
      <property id="config.bsp.fsp.OFS0.iwdt_timeout" value="config.bsp.fsp.OFS0.iwdt_timeout.2048" />
      <property id="config.bsp.fsp.OFS0.iwdt_divisor" value="config.bsp.fsp.OFS0.iwdt_divisor.128" />
      <property id="config.bsp.fsp.OFS0.iwdt_window_end" value="config.bsp.fsp.OFS0.iwdt_window_end.0" />
      <property id="config.bsp.fsp.OFS0.iwdt_window_start" value="config.bsp.fsp.OFS0.iwdt_window_start.100" />
      <property id="config.bsp.fsp.OFS0.iwdt_reset_interrupt" value="config.bsp.fsp.OFS0.iwdt_reset_interrupt.Reset" />
      <property id="config.bsp.fsp.OFS0.iwdt_stop_control" value="config.bsp.fsp.OFS0.iwdt_stop_control.stops" />
      <property id="config.bsp.fsp.OFS0.wdt_start_mode" value="config.bsp.fsp.OFS0.wdt_start_mode.register" />
      <property id="config.bsp.fsp.OFS0.wdt_timeout" value="config.bsp.fsp.OFS0.wdt_timeout.16384" />
      <property id="config.bsp.fsp.OFS0.wdt_divisor" value="config.bsp.fsp.OFS0.wdt_divisor.128" />
      <property id="config.bsp.fsp.OFS0.wdt_window_end" value="config.bsp.fsp.OFS0.wdt_window_end.0" />
      <property id="config.bsp.fsp.OFS0.wdt_window_start" value="config.bsp.fsp.OFS0.wdt_window_start.100" />
      <property id="config.bsp.fsp.OFS0.wdt_reset_interrupt" value="config.bsp.fsp.OFS0.wdt_reset_interrupt.Reset" />
      <property id="config.bsp.fsp.OFS0.wdt_stop_control" value="config.bsp.fsp.OFS0.wdt_stop_control.stops" />
      <property id="config.bsp.fsp.OFS1.voltage_detection0.start" value="config.bsp.fsp.OFS1.voltage_detection0.start.disabled" />
      <property id="config.bsp.fsp.OFS1.voltage_detection0_level" value="config.bsp.fsp.OFS1.voltage_detection0_level.190" />
      <property id="config.bsp.fsp.OFS1.hoco_osc" value="config.bsp.fsp.OFS1.hoco_osc.enabled" />
      <property id="config.bsp.low_voltage_mode" value="config.bsp.low_voltage_mode.disabled" />
      <property id="config.bsp.fsp.mpu_pc0_enable" value="config.bsp.fsp.mpu_pc0_enable.disabled" />
      <property id="config.bsp.fsp.mpu_pc0_start" value="0x000FFFFC" />
      <property id="config.bsp.fsp.mpu_pc0_end" value="0x000FFFFF" />
      <property id="config.bsp.fsp.mpu_pc1_enable" value="config.bsp.fsp.mpu_pc1_enable.disabled" />
      <property id="config.bsp.fsp.mpu_pc1_start" value="0x000FFFFC" />
      <property id="config.bsp.fsp.mpu_pc1_end" value="0x000FFFFF" />
      <property id="config.bsp.fsp.mpu_reg0_enable" value="config.bsp.fsp.mpu_reg0_enable.disabled" />
      <property id="config.bsp.fsp.mpu_reg0_start" value="0x000FFFFC" />
      <property id="config.bsp.fsp.mpu_reg0_end" value="0x000FFFFF" />
      <property id="config.bsp.fsp.mpu_reg1_enable" value="config.bsp.fsp.mpu_reg1_enable.disabled" />
      <property id="config.bsp.fsp.mpu_reg1_start" value="0x200FFFFC" />
      <property id="config.bsp.fsp.mpu_reg1_end" value="0x200FFFFF" />
      <property id="config.bsp.fsp.mpu_reg2_enable" value="config.bsp.fsp.mpu_reg2_enable.disabled" />
      <property id="config.bsp.fsp.mpu_reg2_start" value="0x407FFFFC" />
      <property id="config.bsp.fsp.mpu_reg2_end" value="0x407FFFFF" />
      <property id="config.bsp.fsp.mpu_reg3_enable" value="config.bsp.fsp.mpu_reg3_enable.disabled" />
      <property id="config.bsp.fsp.mpu_reg3_start" value="0x400DFFFC" />
      <property id="config.bsp.fsp.mpu_reg3_end" value="0x400DFFFF" />
      <property id="config.bsp.fsp.mcu.adc.max_freq_hz" value="64000000" />
      <property id="config.bsp.fsp.mcu.sci_uart.max_baud" value="3333333" />
      <property id="config.bsp.fsp.mcu.adc.sample_and_hold" value="0" />
      <property id="config.bsp.fsp.mcu.sci_spi.max_bitrate" value="8000000" />
      <property id="config.bsp.fsp.mcu.spi.max_bitrate" value="16000000" />
      <property id="config.bsp.common.id_mode" value="config.bsp.common.id_mode.unlocked" />
      <property id="config.bsp.common.id_code" value="FFFFFFFFFFFFFFFFFFFFFFFFFFFFFFFF" />
      <property id="config.bsp.common.id1" value="" />
      <property id="config.bsp.common.id2" value="" />
      <property id="config.bsp.common.id3" value="" />
      <property id="config.bsp.common.id4" value="" />
      <property id="config.bsp.common.id_fixed" value="" />
    </config>
    <config id="config.bsp.ra">
      <property id="config.bsp.common.main" value="0x1500" />
      <property id="config.bsp.common.heap" value="0x3000" />
      <property id="config.bsp.common.vcc" value="3300" />
      <property id="config.bsp.common.checking" value="config.bsp.common.checking.enabled" />
      <property id="config.bsp.common.assert" value="config.bsp.common.assert.none" />
      <property id="config.bsp.common.error_log" value="config.bsp.common.error_log.none" />
      <property id="config.bsp.common.soft_reset" value="config.bsp.common.soft_reset.disabled" />
      <property id="config.bsp.common.main_osc_populated" value="config.bsp.common.main_osc_populated.enabled" />
      <property id="config.bsp.common.pfs_protect" value="config.bsp.common.pfs_protect.enabled" />
      <property id="config.bsp.common.c_runtime_init" value="config.bsp.common.c_runtime_init.enabled" />
      <property id="config.bsp.common.main_osc_wait" value="config.bsp.common.main_osc_wait.wait_8163" />
      <property id="config.bsp.common.main_osc_clock_source" value="config.bsp.common.main_osc_clock_source.crystal" />
      <property id="config.bsp.common.subclock_populated" value="config.bsp.common.subclock_populated.enabled" />
      <property id="config.bsp.common.subclock_drive" value="config.bsp.common.subclock_drive.standard" />
      <property id="config.bsp.common.subclock_stabilization_ms" value="1000" />
    </config>
  </raBspConfiguration>
  <raClockConfiguration>
    <node id="board.clock.xtal.freq" mul="16000000" option="_edit" />
    <node id="board.clock.hoco.freq" option="board.clock.hoco.freq.48m" />
    <node id="board.clock.loco.freq" option="board.clock.loco.freq.32768" />
    <node id="board.clock.moco.freq" option="board.clock.moco.freq.8m" />
    <node id="board.clock.subclk.freq" option="board.clock.subclk.freq.32768" />
    <node id="board.clock.clock.source" option="board.clock.clock.source.hoco" />
    <node id="board.clock.iclk.div" option="board.clock.iclk.div.1" />
    <node id="board.clock.iclk.display" option="board.clock.iclk.display.value" />
    <node id="board.clock.pclkb.div" option="board.clock.pclkb.div.2" />
    <node id="board.clock.pclkb.display" option="board.clock.pclkb.display.value" />
    <node id="board.clock.pclkd.div" option="board.clock.pclkd.div.1" />
    <node id="board.clock.pclkd.display" option="board.clock.pclkd.display.value" />
    <node id="board.clock.clkout.source" option="board.clock.clkout.source.disabled" />
    <node id="board.clock.clkout.div" option="board.clock.clkout.div.1" />
    <node id="board.clock.clkout.display" option="board.clock.clkout.display.value" />
  </raClockConfiguration>
  <raComponentSelection>
    <component apiversion="" class="CMSIS" condition="" group="CMSIS5" subgroup="CoreM" variant="" vendor="Arm" version="5.7.0+fsp.2.4.0">
      <description>Arm CMSIS Version 5 - Core (M)</description>
      <originalPack>Arm.CMSIS5.5.7.0+fsp.2.4.0.pack</originalPack>
    </component>
    <component apiversion="" class="PSA" condition="" group="Crypto" subgroup="mbedCrypto" variant="" vendor="Arm" version="3.1.0+renesas.2.fsp.2.4.0">
      <description>Arm PSA Crypto Implementation</description>
      <originalPack>Arm.MbedCrypto.3.1.0+renesas.2.fsp.2.4.0.pack</originalPack>
    </component>
    <component apiversion="" class="BSP" condition="" group="ra2l1" subgroup="device" variant="R7FA2L1AB2DFP" vendor="Renesas" version="2.4.0">
      <description>Board support package for R7FA2L1AB2DFP</description>
      <originalPack>Renesas.RA_mcu_ra2l1.2.4.0.pack</originalPack>
    </component>
    <component apiversion="" class="BSP" condition="" group="ra2l1" subgroup="device" variant="" vendor="Renesas" version="2.4.0">
      <description>Board support package for RA2L1</description>
      <originalPack>Renesas.RA_mcu_ra2l1.2.4.0.pack</originalPack>
    </component>
    <component apiversion="" class="BSP" condition="" group="ra2l1" subgroup="fsp" variant="" vendor="Renesas" version="2.4.0">
      <description>Board support package for RA2L1 - FSP Data</description>
      <originalPack>Renesas.RA_mcu_ra2l1.2.4.0.pack</originalPack>
    </component>
    <component apiversion="" class="Common" condition="" group="all" subgroup="fsp_common" variant="" vendor="Renesas" version="2.4.0">
      <description>Board Support Package Common Files</description>
      <originalPack>Renesas.RA.2.4.0.pack</originalPack>
    </component>
    <component apiversion="" class="HAL Drivers" condition="" group="all" subgroup="r_ioport" variant="" vendor="Renesas" version="2.4.0">
      <description>I/O Port</description>
      <originalPack>Renesas.RA.2.4.0.pack</originalPack>
    </component>
    <component apiversion="" class="HAL Drivers" condition="" group="all" subgroup="r_sce_ra2" variant="" vendor="Renesas" version="2.4.0">
      <description>Secure Cryptography Engine on RA2</description>
      <originalPack>Renesas.RA.2.4.0.pack</originalPack>
    </component>
    <component apiversion="" class="HAL Drivers" condition="" group="all" subgroup="rm_psa_crypto" variant="" vendor="Renesas" version="2.4.0">
      <description>MbedCrypto H/W Acceleration</description>
      <originalPack>Renesas.RA.2.4.0.pack</originalPack>
    </component>
    <component apiversion="" class="BSP" condition="" group="Board" subgroup="ra2l1_ek" variant="" vendor="Renesas" version="2.4.0">
      <description>RA2L1-EK Board Support Files</description>
      <originalPack>Renesas.RA_board_ra2l1_ek.2.4.0.pack</originalPack>
    </component>
  </raComponentSelection>
  <raElcConfiguration />
  <raIcuConfiguration />
  <raModuleConfiguration>
    <module id="module.driver.ioport_on_ioport.0">
      <property id="module.driver.ioport.name" value="g_ioport" />
      <property id="module.driver.ioport.elc_trigger_ioport1" value="_disabled" />
      <property id="module.driver.ioport.elc_trigger_ioport2" value="_disabled" />
      <property id="module.driver.ioport.elc_trigger_ioport3" value="_disabled" />
      <property id="module.driver.ioport.elc_trigger_ioport4" value="_disabled" />
    </module>
    <module id="module.driver.psa_crypto.1449955927" />
    <module id="module.driver.rm_psa_crypto.952897657" />
    <module id="module.driver.crypto_ra2.1621281857" />
    <context id="_hal.0">
      <stack module="module.driver.ioport_on_ioport.0" />
      <stack module="module.driver.psa_crypto.1449955927">
        <stack module="module.driver.rm_psa_crypto.952897657" requires="module.driver.rm_psa_crypto">
          <stack module="module.driver.crypto_ra2.1621281857" requires="module.driver.rm_psa_crypto.requires.sce" />
        </stack>
      </stack>
    </context>
    <config id="config.driver.psa_crypto">
      <property id="config.driver.psa_crypto.mbedtls_entropy_hardware_alt" value="config.driver.psa_crypto.mbedtls_entropy_hardware_alt.enabled" />
      <property id="config.driver.psa_crypto.aes_format" value="config.driver.psa_crypto.aes_format.plaintext" />
      <property id="config.driver.psa_crypto.ecc_format" value="config.driver.psa_crypto.ecc_format.plaintext" />
      <property id="config.driver.psa_crypto.rsa_format" value="config.driver.psa_crypto.rsa_format.plaintext" />
      <property id="config.driver.psa_crypto.sha256_alt" value="config.driver.psa_crypto.sha256_alt.disabled" />
      <property id="config.driver.psa_crypto.aes_alt" value="config.driver.psa_crypto.aes_alt.enabled" />
      <property id="config.driver.psa_crypto.mbedtls_ecp_alt" value="config.driver.psa_crypto.ecp_alt.disabled" />
      <property id="config.driver.psa_crypto.mbedtls_ecdsa_alt" value="config.driver.psa_crypto.ecdsa_alt.enabled" />
      <property id="config.driver.psa_crypto.mbedtls_rsa_alt" value="config.driver.psa_crypto.rsa_alt.disabled" />
      <property id="config.driver.psa_crypto.mbedtls_rsa_3072" value="config.driver.psa_crypto.rsa_3072.disabled" />
      <property id="config.driver.psa_crypto.mbedtls_rsa_4096" value="config.driver.psa_crypto.rsa_4096.disabled" />
      <property id="config.driver.psa_crypto.mbedtls_platform_setup_teardown_alt" value="config.driver.psa_crypto.mbedtls_platform_setup_teardown_alt.enabled" />
      <property id="config.driver.psa_crypto.mbedtls_have_asm" value="config.driver.psa_crypto.mbedtls_have_asm.disabled" />
      <property id="config.driver.psa_crypto.mbedtls_no_udbl_division" value="config.driver.psa_crypto.mbedtls_no_udbl_division.disabled" />
      <property id="config.driver.psa_crypto.mbedtls_no_64bit_multiplication" value="config.driver.psa_crypto.mbedtls_no_64bit_multiplication.disabled" />
      <property id="config.driver.psa_crypto.mbedtls_have_sse2" value="config.driver.psa_crypto.mbedtls_have_sse2.disabled" />
      <property id="config.driver.psa_crypto.mbedtls_have_time" value="config.driver.psa_crypto.mbedtls_have_time.disabled" />
      <property id="config.driver.psa_crypto.mbedtls_have_time_date" value="config.driver.psa_crypto.mbedtls_have_time_date.disabled" />
      <property id="config.driver.psa_crypto.mbedtls_platform_memory" value="config.driver.psa_crypto.mbedtls_platform_memory.disabled" />
      <property id="config.driver.psa_crypto.mbedtls_platform_no_std_functions" value="config.driver.psa_crypto.mbedtls_platform_no_std_functions.disabled" />
      <property id="config.driver.psa_crypto.mbedtls_platform_exit_alt" value="config.driver.psa_crypto.mbedtls_platform_exit_alt.disabled" />
      <property id="config.driver.psa_crypto.mbedtls_platform_time_alt" value="config.driver.psa_crypto.mbedtls_platform_time_alt.disabled" />
      <property id="config.driver.psa_crypto.mbedtls_platform_fprintf_alt" value="config.driver.psa_crypto.mbedtls_platform_fprintf_alt.disabled" />
      <property id="config.driver.psa_crypto.mbedtls_platform_printf_alt" value="config.driver.psa_crypto.mbedtls_platform_printf_alt.disabled" />
      <property id="config.driver.psa_crypto.mbedtls_platform_snprintf_alt" value="config.driver.psa_crypto.mbedtls_platform_snprintf_alt.disabled" />
      <property id="config.driver.psa_crypto.mbedtls_platform_vsnprintf_alt" value="config.driver.psa_crypto.mbedtls_platform_vsnprintf_alt.disabled" />
      <property id="config.driver.psa_crypto.mbedtls_platform_nv_seed_alt" value="config.driver.psa_crypto.mbedtls_platform_nv_seed_alt.disabled" />
      <property id="config.driver.psa_crypto.psa_crypto_secure" value="config.driver.psa_crypto.psa_crypto_secure.disabled" />
      <property id="config.driver.psa_crypto.mbedtls_deprecated_warning" value="config.driver.psa_crypto.mbedtls_deprecated_warning.disabled" />
      <property id="config.driver.psa_crypto.mbedtls_deprecated_removed" value="config.driver.psa_crypto.mbedtls_deprecated_removed.enabled" />
      <property id="config.driver.psa_crypto.mbedtls_check_params" value="config.driver.psa_crypto.mbedtls_check_params.enabled" />
      <property id="config.driver.psa_crypto.mbedtls_check_params_assert" value="config.driver.psa_crypto.mbedtls_check_params_assert.disabled" />
      <property id="config.driver.psa_crypto.mbedtls_timing_alt" value="config.driver.psa_crypto.mbedtls_timing_alt.disabled" />
      <property id="config.driver.psa_crypto.mbedtls_arc4_alt" value="config.driver.psa_crypto.mbedtls_arc4_alt.disabled" />
      <property id="config.driver.psa_crypto.mbedtls_aria_alt" value="config.driver.psa_crypto.mbedtls_aria_alt.disabled" />
      <property id="config.driver.psa_crypto.mbedtls_blowfish_alt" value="config.driver.psa_crypto.mbedtls_blowfish_alt.disabled" />
      <property id="config.driver.psa_crypto.mbedtls_camellia_alt" value="config.driver.psa_crypto.mbedtls_camellia_alt.disabled" />
      <property id="config.driver.psa_crypto.mbedtls_ccm_alt" value="config.driver.psa_crypto.mbedtls_ccm_alt.disabled" />
      <property id="config.driver.psa_crypto.mbedtls_chacha20_alt" value="config.driver.psa_crypto.mbedtls_chacha20_alt.disabled" />
      <property id="config.driver.psa_crypto.mbedtls_chachapoly_alt" value="config.driver.psa_crypto.mbedtls_chachapoly_alt.disabled" />
      <property id="config.driver.psa_crypto.mbedtls_cmac_alt" value="config.driver.psa_crypto.mbedtls_cmac_alt.disabled" />
      <property id="config.driver.psa_crypto.mbedtls_des_alt" value="config.driver.psa_crypto.mbedtls_des_alt.disabled" />
      <property id="config.driver.psa_crypto.mbedtls_dhm_alt" value="config.driver.psa_crypto.mbedtls_dhm_alt.disabled" />
      <property id="config.driver.psa_crypto.mbedtls_ecjpake_alt" value="config.driver.psa_crypto.mbedtls_ecjpake_alt.disabled" />
      <property id="config.driver.psa_crypto.mbedtls_gcm_alt" value="config.driver.psa_crypto.mbedtls_gcm_alt.disabled" />
      <property id="config.driver.psa_crypto.mbedtls_nist_kw_alt" value="config.driver.psa_crypto.mbedtls_nist_kw_alt.disabled" />
      <property id="config.driver.psa_crypto.mbedtls_md2_alt" value="config.driver.psa_crypto.mbedtls_md2_alt.disabled" />
      <property id="config.driver.psa_crypto.mbedtls_md4_alt" value="config.driver.psa_crypto.mbedtls_md4_alt.disabled" />
      <property id="config.driver.psa_crypto.mbedtls_md5_alt" value="config.driver.psa_crypto.mbedtls_md5_alt.disabled" />
      <property id="config.driver.psa_crypto.mbedtls_poly1305_alt" value="config.driver.psa_crypto.mbedtls_poly1305_alt.disabled" />
      <property id="config.driver.psa_crypto.mbedtls_ripemd160_alt" value="config.driver.psa_crypto.mbedtls_ripemd160_alt.disabled" />
      <property id="config.driver.psa_crypto.mbedtls_sha1_alt" value="config.driver.psa_crypto.mbedtls_sha1_alt.disabled" />
      <property id="config.driver.psa_crypto.mbedtls_sha512_alt" value="config.driver.psa_crypto.mbedtls_sha512_alt.disabled" />
      <property id="config.driver.psa_crypto.mbedtls_xtea_alt" value="config.driver.psa_crypto.mbedtls_xtea_alt.disabled" />
      <property id="config.driver.psa_crypto.mbedtls_md2_process_alt" value="config.driver.psa_crypto.mbedtls_md2_process_alt.disabled" />
      <property id="config.driver.psa_crypto.mbedtls_md4_process_alt" value="config.driver.psa_crypto.mbedtls_md4_process_alt.disabled" />
      <property id="config.driver.psa_crypto.mbedtls_md5_process_alt" value="config.driver.psa_crypto.mbedtls_md5_process_alt.disabled" />
      <property id="config.driver.psa_crypto.mbedtls_ripemd160_process_alt" value="config.driver.psa_crypto.mbedtls_ripemd160_process_alt.disabled" />
      <property id="config.driver.psa_crypto.mbedtls_sha1_process_alt" value="config.driver.psa_crypto.mbedtls_sha1_process_alt.disabled" />
      <property id="config.driver.psa_crypto.mbedtls_sha512_process_alt" value="config.driver.psa_crypto.mbedtls_sha512_process_alt.disabled" />
      <property id="config.driver.psa_crypto.mbedtls_des_setkey_alt" value="config.driver.psa_crypto.mbedtls_des_setkey_alt.disabled" />
      <property id="config.driver.psa_crypto.mbedtls_des_crypt_ecb_alt" value="config.driver.psa_crypto.mbedtls_des_crypt_ecb_alt.disabled" />
      <property id="config.driver.psa_crypto.mbedtls_des3_crypt_ecb_alt" value="config.driver.psa_crypto.mbedtls_des3_crypt_ecb_alt.disabled" />
      <property id="config.driver.psa_crypto.mbedtls_ecdh_gen_public_alt" value="config.driver.psa_crypto.mbedtls_ecdh_gen_public_alt.disabled" />
      <property id="config.driver.psa_crypto.mbedtls_ecdh_compute_shared_alt" value="config.driver.psa_crypto.mbedtls_ecdh_compute_shared_alt.disabled" />
      <property id="config.driver.psa_crypto.mbedtls_ecdsa_genkey_alt" value="config.driver.psa_crypto.mbedtls_ecdsa_genkey_alt.disabled" />
      <property id="config.driver.psa_crypto.mbedtls_ecp_internal_alt" value="config.driver.psa_crypto.mbedtls_ecp_internal_alt.disabled" />
      <property id="config.driver.psa_crypto.mbedtls_ecp_randomize_jac_alt" value="config.driver.psa_crypto.mbedtls_ecp_randomize_jac_alt.disabled" />
      <property id="config.driver.psa_crypto.mbedtls_ecp_add_mixed_alt" value="config.driver.psa_crypto.mbedtls_ecp_add_mixed_alt.disabled" />
      <property id="config.driver.psa_crypto.mbedtls_ecp_double_jac_alt" value="config.driver.psa_crypto.mbedtls_ecp_double_jac_alt.disabled" />
      <property id="config.driver.psa_crypto.mbedtls_ecp_normalize_jac_many_alt" value="config.driver.psa_crypto.mbedtls_ecp_normalize_jac_many_alt.disabled" />
      <property id="config.driver.psa_crypto.mbedtls_ecp_normalize_jac_alt" value="config.driver.psa_crypto.mbedtls_ecp_normalize_jac_alt.disabled" />
      <property id="config.driver.psa_crypto.mbedtls_ecp_double_add_mxz_alt" value="config.driver.psa_crypto.mbedtls_ecp_double_add_mxz_alt.disabled" />
      <property id="config.driver.psa_crypto.mbedtls_ecp_randomize_mxz_alt" value="config.driver.psa_crypto.mbedtls_ecp_randomize_mxz_alt.disabled" />
      <property id="config.driver.psa_crypto.mbedtls_ecp_normalize_mxz_alt" value="config.driver.psa_crypto.mbedtls_ecp_normalize_mxz_alt.disabled" />
      <property id="config.driver.psa_crypto.mbedtls_test_null_entropy" value="config.driver.psa_crypto.mbedtls_test_null_entropy.disabled" />
      <property id="config.driver.psa_crypto.mbedtls_aes_rom_tables" value="config.driver.psa_crypto.mbedtls_aes_rom_tables.disabled" />
      <property id="config.driver.psa_crypto.mbedtls_aes_fewer_tables" value="config.driver.psa_crypto.mbedtls_aes_fewer_tables.disabled" />
      <property id="config.driver.psa_crypto.mbedtls_camellia_small_memory" value="config.driver.psa_crypto.mbedtls_camellia_small_memory.disabled" />
      <property id="config.driver.psa_crypto.mbedtls_cipher_mode_cbc" value="config.driver.psa_crypto.mbedtls_cipher_mode_cbc.enabled" />
      <property id="config.driver.psa_crypto.mbedtls_cipher_mode_cfb" value="config.driver.psa_crypto.mbedtls_cipher_mode_cfb.enabled" />
      <property id="config.driver.psa_crypto.mbedtls_cipher_mode_ctr" value="config.driver.psa_crypto.mbedtls_cipher_mode_ctr.enabled" />
      <property id="config.driver.psa_crypto.mbedtls_cipher_mode_ofb" value="config.driver.psa_crypto.mbedtls_cipher_mode_ofb.disabled" />
      <property id="config.driver.psa_crypto.mbedtls_cipher_mode_xts" value="config.driver.psa_crypto.mbedtls_cipher_mode_xts.disabled" />
      <property id="config.driver.psa_crypto.mbedtls_cipher_null_cipher" value="config.driver.psa_crypto.mbedtls_cipher_null_cipher.disabled" />
      <property id="config.driver.psa_crypto.mbedtls_cipher_padding_pkcs7" value="config.driver.psa_crypto.mbedtls_cipher_padding_pkcs7.enabled" />
      <property id="config.driver.psa_crypto.mbedtls_cipher_padding_one_and_zeros" value="config.driver.psa_crypto.mbedtls_cipher_padding_one_and_zeros.enabled" />
      <property id="config.driver.psa_crypto.mbedtls_cipher_padding_zeros_and_len" value="config.driver.psa_crypto.mbedtls_cipher_padding_zeros_and_len.enabled" />
      <property id="config.driver.psa_crypto.mbedtls_cipher_padding_zeros" value="config.driver.psa_crypto.mbedtls_cipher_padding_zeros.enabled" />
      <property id="config.driver.psa_crypto.mbedtls_ecp_dp_secp192r1_enabled" value="config.driver.psa_crypto.mbedtls_ecp_dp_secp192r1_enabled.disabled" />
      <property id="config.driver.psa_crypto.mbedtls_ecp_dp_secp224r1_enabled" value="config.driver.psa_crypto.mbedtls_ecp_dp_secp224r1_enabled.disabled" />
      <property id="config.driver.psa_crypto.mbedtls_ecp_dp_secp256r1_enabled" value="config.driver.psa_crypto.mbedtls_ecp_dp_secp256r1_enabled.enabled" />
      <property id="config.driver.psa_crypto.mbedtls_ecp_dp_secp384r1_enabled" value="config.driver.psa_crypto.mbedtls_ecp_dp_secp384r1_enabled.disabled" />
      <property id="config.driver.psa_crypto.mbedtls_ecp_dp_secp521r1_enabled" value="config.driver.psa_crypto.mbedtls_ecp_dp_secp521r1_enabled.disabled" />
      <property id="config.driver.psa_crypto.mbedtls_ecp_dp_secp192k1_enabled" value="config.driver.psa_crypto.mbedtls_ecp_dp_secp192k1_enabled.disabled" />
      <property id="config.driver.psa_crypto.mbedtls_ecp_dp_secp224k1_enabled" value="config.driver.psa_crypto.mbedtls_ecp_dp_secp224k1_enabled.disabled" />
      <property id="config.driver.psa_crypto.mbedtls_ecp_dp_secp256k1_enabled" value="config.driver.psa_crypto.mbedtls_ecp_dp_secp256k1_enabled.disabled" />
      <property id="config.driver.psa_crypto.mbedtls_ecp_dp_bp256r1_enabled" value="config.driver.psa_crypto.mbedtls_ecp_dp_bp256r1_enabled.disabled" />
      <property id="config.driver.psa_crypto.mbedtls_ecp_dp_bp384r1_enabled" value="config.driver.psa_crypto.mbedtls_ecp_dp_bp384r1_enabled.disabled" />
      <property id="config.driver.psa_crypto.mbedtls_ecp_dp_bp512r1_enabled" value="config.driver.psa_crypto.mbedtls_ecp_dp_bp512r1_enabled.disabled" />
      <property id="config.driver.psa_crypto.mbedtls_ecp_dp_curve25519_enabled" value="config.driver.psa_crypto.mbedtls_ecp_dp_curve25519_enabled.disabled" />
      <property id="config.driver.psa_crypto.mbedtls_ecp_dp_curve448_enabled" value="config.driver.psa_crypto.mbedtls_ecp_dp_curve448_enabled.disabled" />
      <property id="config.driver.psa_crypto.mbedtls_ecp_nist_optim" value="config.driver.psa_crypto.mbedtls_ecp_nist_optim.disabled" />
      <property id="config.driver.psa_crypto.mbedtls_ecp_restartable" value="config.driver.psa_crypto.mbedtls_ecp_restartable.disabled" />
      <property id="config.driver.psa_crypto.mbedtls_ecdh_legacy_context" value="config.driver.psa_crypto.mbedtls_ecdh_legacy_context.disabled" />
      <property id="config.driver.psa_crypto.mbedtls_ecdsa_deterministic" value="config.driver.psa_crypto.mbedtls_ecdsa_deterministic.disabled" />
      <property id="config.driver.psa_crypto.mbedtls_pk_parse_ec_extended" value="config.driver.psa_crypto.mbedtls_pk_parse_ec_extended.disabled" />
      <property id="config.driver.psa_crypto.mbedtls_error_strerror_dummy" value="config.driver.psa_crypto.mbedtls_error_strerror_dummy.enabled" />
      <property id="config.driver.psa_crypto.mbedtls_genprime" value="config.driver.psa_crypto.mbedtls_genprime.enabled" />
      <property id="config.driver.psa_crypto.mbedtls_fs_io" value="config.driver.psa_crypto.mbedtls_fs_io.disabled" />
      <property id="config.driver.psa_crypto.mbedtls_no_default_entropy_sources" value="config.driver.psa_crypto.mbedtls_no_default_entropy_sources.disabled" />
      <property id="config.driver.psa_crypto.mbedtls_no_platform_entropy" value="config.driver.psa_crypto.mbedtls_no_platform_entropy.enabled" />
      <property id="config.driver.psa_crypto.mbedtls_entropy_force_sha256" value="config.driver.psa_crypto.mbedtls_entropy_force_sha256.disabled" />
      <property id="config.driver.psa_crypto.mbedtls_entropy_nv_seed" value="config.driver.psa_crypto.mbedtls_entropy_nv_seed.disabled" />
      <property id="config.driver.psa_crypto.mbedtls_psa_crypto_key_file_id_encodes_owner" value="config.driver.psa_crypto.mbedtls_psa_crypto_key_file_id_encodes_owner.disabled" />
      <property id="config.driver.psa_crypto.mbedtls_memory_debug" value="config.driver.psa_crypto.mbedtls_memory_debug.disabled" />
      <property id="config.driver.psa_crypto.mbedtls_memory_backtrace" value="config.driver.psa_crypto.mbedtls_memory_backtrace.disabled" />
      <property id="config.driver.psa_crypto.mbedtls_pk_rsa_alt_support" value="config.driver.psa_crypto.mbedtls_pk_rsa_alt_support.disabled" />
      <property id="config.driver.psa_crypto.mbedtls_pkcs1_v15" value="config.driver.psa_crypto.mbedtls_pkcs1_v15.enabled" />
      <property id="config.driver.psa_crypto.mbedtls_pkcs1_v21" value="config.driver.psa_crypto.mbedtls_pkcs1_v21.enabled" />
      <property id="config.driver.psa_crypto.mbedtls_psa_crypto_spm" value="config.driver.psa_crypto.mbedtls_psa_crypto_spm.disabled" />
      <property id="config.driver.psa_crypto.mbedtls_psa_inject_entropy" value="config.driver.psa_crypto.mbedtls_psa_inject_entropy.disabled" />
      <property id="config.driver.psa_crypto.mbedtls_rsa_no_crt" value="config.driver.psa_crypto.mbedtls_rsa_no_crt.enabled" />
      <property id="config.driver.psa_crypto.mbedtls_self_test" value="config.driver.psa_crypto.mbedtls_self_test.disabled" />
      <property id="config.driver.psa_crypto.mbedtls_sha256_smaller" value="config.driver.psa_crypto.mbedtls_sha256_smaller.disabled" />
      <property id="config.driver.psa_crypto.mbedtls_sha512_smaller" value="config.driver.psa_crypto.mbedtls_sha512_smaller.disabled" />
      <property id="config.driver.psa_crypto.mbedtls_sha512_no_sha384" value="config.driver.psa_crypto.mbedtls_sha512_no_sha384.disabled" />
      <property id="config.driver.psa_crypto.mbedtls_threading_alt" value="config.driver.psa_crypto.mbedtls_threading_alt.disabled" />
      <property id="config.driver.psa_crypto.mbedtls_threading_pthread" value="config.driver.psa_crypto.mbedtls_threading_pthread.disabled" />
      <property id="config.driver.psa_crypto.mbedtls_use_psa_crypto" value="config.driver.psa_crypto.mbedtls_use_psa_crypto.disabled" />
      <property id="config.driver.psa_crypto.mbedtls_version_features" value="config.driver.psa_crypto.mbedtls_version_features.enabled" />
      <property id="config.driver.psa_crypto.mbedtls_aes_c" value="config.driver.psa_crypto.mbedtls_aes_c.enabled" />
      <property id="config.driver.psa_crypto.mbedtls_arc4_c" value="config.driver.psa_crypto.mbedtls_arc4_c.disabled" />
      <property id="config.driver.psa_crypto.mbedtls_asn1_parse_c" value="config.driver.psa_crypto.mbedtls_asn1_parse_c.enabled" />
      <property id="config.driver.psa_crypto.mbedtls_asn1_write_c" value="config.driver.psa_crypto.mbedtls_asn1_write_c.enabled" />
      <property id="config.driver.psa_crypto.mbedtls_base64_c" value="config.driver.psa_crypto.mbedtls_base64_c.enabled" />
      <property id="config.driver.psa_crypto.mbedtls_bignum_c" value="config.driver.psa_crypto.mbedtls_bignum_c.enabled" />
      <property id="config.driver.psa_crypto.mbedtls_blowfish_c" value="config.driver.psa_crypto.mbedtls_blowfish_c.disabled" />
      <property id="config.driver.psa_crypto.mbedtls_camellia_c" value="config.driver.psa_crypto.mbedtls_camellia_c.disabled" />
      <property id="config.driver.psa_crypto.mbedtls_aria_c" value="config.driver.psa_crypto.mbedtls_aria_c.disabled" />
      <property id="config.driver.psa_crypto.mbedtls_ccm_c" value="config.driver.psa_crypto.mbedtls_ccm_c.enabled" />
      <property id="config.driver.psa_crypto.mbedtls_chacha20_c" value="config.driver.psa_crypto.mbedtls_chacha20_c.disabled" />
      <property id="config.driver.psa_crypto.mbedtls_chachapoly_c" value="config.driver.psa_crypto.mbedtls_chachapoly_c.disabled" />
      <property id="config.driver.psa_crypto.mbedtls_cipher_c" value="config.driver.psa_crypto.mbedtls_cipher_c.enabled" />
      <property id="config.driver.psa_crypto.mbedtls_cmac_c" value="config.driver.psa_crypto.mbedtls_cmac_c.disabled" />
      <property id="config.driver.psa_crypto.mbedtls_ctr_drbg_c" value="config.driver.psa_crypto.mbedtls_ctr_drbg_c.enabled" />
      <property id="config.driver.psa_crypto.mbedtls_ctr_drbg_c_alt" value="config.driver.psa_crypto.mbedtls_ctr_drbg_c_alt.enabled" />
      <property id="config.driver.psa_crypto.mbedtls_des_c" value="config.driver.psa_crypto.mbedtls_des_c.disabled" />
      <property id="config.driver.psa_crypto.mbedtls_dhm_c" value="config.driver.psa_crypto.mbedtls_dhm_c.disabled" />
      <property id="config.driver.psa_crypto.mbedtls_ecdh_c" value="config.driver.psa_crypto.mbedtls_ecdh_c.disabled" />
      <property id="config.driver.psa_crypto.mbedtls_ecdsa_c" value="config.driver.psa_crypto.mbedtls_ecdsa_c.enabled" />
      <property id="config.driver.psa_crypto.mbedtls_ecp_c" value="config.driver.psa_crypto.mbedtls_ecp_c.enabled" />
      <property id="config.driver.psa_crypto.mbedtls_ecjpake_c" value="config.driver.psa_crypto.mbedtls_ecjpake_c.disabled" />
      <property id="config.driver.psa_crypto.mbedtls_entropy_c" value="config.driver.psa_crypto.mbedtls_entropy_c.enabled" />
      <property id="config.driver.psa_crypto.mbedtls_error_c" value="config.driver.psa_crypto.mbedtls_error_c.enabled" />
      <property id="config.driver.psa_crypto.mbedtls_gcm_c" value="config.driver.psa_crypto.mbedtls_gcm_c.enabled" />
      <property id="config.driver.psa_crypto.mbedtls_havege_c" value="config.driver.psa_crypto.mbedtls_havege_c.disabled" />
      <property id="config.driver.psa_crypto.mbedtls_hkdf_c" value="config.driver.psa_crypto.mbedtls_hkdf_c.enabled" />
      <property id="config.driver.psa_crypto.mbedtls_hmac_drbg_c" value="config.driver.psa_crypto.mbedtls_hmac_drbg_c.disabled" />
      <property id="config.driver.psa_crypto.mbedtls_nist_kw_c" value="config.driver.psa_crypto.mbedtls_nist_kw_c.disabled" />
      <property id="config.driver.psa_crypto.mbedtls_md_c" value="config.driver.psa_crypto.mbedtls_md_c.enabled" />
      <property id="config.driver.psa_crypto.mbedtls_md2_c" value="config.driver.psa_crypto.mbedtls_md2_c.disabled" />
      <property id="config.driver.psa_crypto.mbedtls_md4_c" value="config.driver.psa_crypto.mbedtls_md4_c.disabled" />
      <property id="config.driver.psa_crypto.mbedtls_md5_c" value="config.driver.psa_crypto.mbedtls_md5_c.enabled" />
      <property id="config.driver.psa_crypto.mbedtls_memory_buffer_alloc_c" value="config.driver.psa_crypto.mbedtls_memory_buffer_alloc_c.disabled" />
      <property id="config.driver.psa_crypto.mbedtls_oid_c" value="config.driver.psa_crypto.mbedtls_oid_c.enabled" />
      <property id="config.driver.psa_crypto.mbedtls_pem_parse_c" value="config.driver.psa_crypto.mbedtls_pem_parse_c.enabled" />
      <property id="config.driver.psa_crypto.mbedtls_pem_write_c" value="config.driver.psa_crypto.mbedtls_pem_write_c.enabled" />
      <property id="config.driver.psa_crypto.mbedtls_pk_c" value="config.driver.psa_crypto.mbedtls_pk_c.enabled" />
      <property id="config.driver.psa_crypto.mbedtls_pk_parse_c" value="config.driver.psa_crypto.mbedtls_pk_parse_c.enabled" />
      <property id="config.driver.psa_crypto.mbedtls_pk_write_c" value="config.driver.psa_crypto.mbedtls_pk_write_c.enabled" />
      <property id="config.driver.psa_crypto.mbedtls_pkcs5_c" value="config.driver.psa_crypto.mbedtls_pkcs5_c.enabled" />
      <property id="config.driver.psa_crypto.mbedtls_pkcs12_c" value="config.driver.psa_crypto.mbedtls_pkcs12_c.enabled" />
      <property id="config.driver.psa_crypto.mbedtls_platform_c" value="config.driver.psa_crypto.mbedtls_platform_c.enabled" />
      <property id="config.driver.psa_crypto.mbedtls_poly1305_c" value="config.driver.psa_crypto.mbedtls_poly1305_c.disabled" />
      <property id="config.driver.psa_crypto.mbedtls_psa_crypto_c" value="config.driver.psa_crypto.mbedtls_psa_crypto_c.enabled" />
      <property id="config.driver.psa_crypto.mbedtls_psa_crypto_se_c" value="config.driver.psa_crypto.mbedtls_psa_crypto_se_c.disabled" />
      <property id="config.driver.psa_crypto.mbedtls_psa_crypto_storage_c" value="config.driver.psa_crypto.mbedtls_psa_crypto_storage_c.disabled" />
      <property id="config.driver.psa_crypto.mbedtls_psa_its_file_c" value="config.driver.psa_crypto.mbedtls_psa_its_file_c.disabled" />
      <property id="config.driver.psa_crypto.mbedtls_ripemd160_c" value="config.driver.psa_crypto.mbedtls_ripemd160_c.enabled" />
      <property id="config.driver.psa_crypto.mbedtls_rsa_c" value="config.driver.psa_crypto.mbedtls_rsa_c.enabled" />
      <property id="config.driver.psa_crypto.mbedtls_sha1_c" value="config.driver.psa_crypto.mbedtls_sha1_c.enabled" />
      <property id="config.driver.psa_crypto.mbedtls_sha256_c" value="config.driver.psa_crypto.mbedtls_sha256_c.enabled" />
      <property id="config.driver.psa_crypto.mbedtls_sha512_c" value="config.driver.psa_crypto.mbedtls_sha512_c.disabled" />
      <property id="config.driver.psa_crypto.mbedtls_threading_c" value="config.driver.psa_crypto.mbedtls_threading_c.disabled" />
      <property id="config.driver.psa_crypto.mbedtls_timing_c" value="config.driver.psa_crypto.mbedtls_timing_c.disabled" />
      <property id="config.driver.psa_crypto.mbedtls_version_c" value="config.driver.psa_crypto.mbedtls_version_c.enabled" />
      <property id="config.driver.psa_crypto.mbedtls_xtea_c" value="config.driver.psa_crypto.mbedtls_xtea_c.disabled" />
      <property id="config.driver.psa_crypto.mbedtls_mpi_window_size" value="config.driver.psa_crypto.mbedtls_mpi_window_size.disabled" />
      <property id="config.driver.psa_crypto.mbedtls_mpi_window_size_value" value="6" />
      <property id="config.driver.psa_crypto.mbedtls_mpi_max_size" value="config.driver.psa_crypto.mbedtls_mpi_max_size.disabled" />
      <property id="config.driver.psa_crypto.mbedtls_mpi_max_size_value" value="1024" />
      <property id="config.driver.psa_crypto.mbedtls_ctr_drbg_entropy_len" value="config.driver.psa_crypto.mbedtls_ctr_drbg_entropy_len.disabled" />
      <property id="config.driver.psa_crypto.mbedtls_ctr_drbg_entropy_len_value" value="48" />
      <property id="config.driver.psa_crypto.mbedtls_ctr_drbg_reseed_interval" value="config.driver.psa_crypto.mbedtls_ctr_drbg_reseed_interval.disabled" />
      <property id="config.driver.psa_crypto.mbedtls_ctr_drbg_reseed_interval_value" value="10000" />
      <property id="config.driver.psa_crypto.mbedtls_ctr_drbg_max_input" value="config.driver.psa_crypto.mbedtls_ctr_drbg_max_input.disabled" />
      <property id="config.driver.psa_crypto.mbedtls_ctr_drbg_max_input_value" value="256" />
      <property id="config.driver.psa_crypto.mbedtls_ctr_drbg_max_request" value="config.driver.psa_crypto.mbedtls_ctr_drbg_max_request.disabled" />
      <property id="config.driver.psa_crypto.mbedtls_ctr_drbg_max_request_value" value="1024" />
      <property id="config.driver.psa_crypto.mbedtls_ctr_drbg_max_seed_input" value="config.driver.psa_crypto.mbedtls_ctr_drbg_max_seed_input.disabled" />
      <property id="config.driver.psa_crypto.mbedtls_ctr_drbg_max_seed_input_value" value="384" />
      <property id="config.driver.psa_crypto.mbedtls_ctr_drbg_use_128_bit_key" value="config.driver.psa_crypto.mbedtls_ctr_drbg_use_128_bit_key.disabled" />
      <property id="config.driver.psa_crypto.mbedtls_hmac_drbg_reseed_interval" value="config.driver.psa_crypto.mbedtls_hmac_drbg_reseed_interval.disabled" />
      <property id="config.driver.psa_crypto.mbedtls_hmac_drbg_reseed_interval_value" value="10000" />
      <property id="config.driver.psa_crypto.mbedtls_hmac_drbg_max_input" value="config.driver.psa_crypto.mbedtls_hmac_drbg_max_input.disabled" />
      <property id="config.driver.psa_crypto.mbedtls_hmac_drbg_max_input_value" value="256" />
      <property id="config.driver.psa_crypto.mbedtls_hmac_drbg_max_request" value="config.driver.psa_crypto.mbedtls_hmac_drbg_max_request.disabled" />
      <property id="config.driver.psa_crypto.mbedtls_hmac_drbg_max_request_value" value="1024" />
      <property id="config.driver.psa_crypto.mbedtls_hmac_drbg_max_seed_input" value="config.driver.psa_crypto.mbedtls_hmac_drbg_max_seed_input.disabled" />
      <property id="config.driver.psa_crypto.mbedtls_hmac_drbg_max_seed_input_value" value="384" />
      <property id="config.driver.psa_crypto.mbedtls_ecp_max_bits" value="config.driver.psa_crypto.mbedtls_ecp_max_bits.disabled" />
      <property id="config.driver.psa_crypto.mbedtls_ecp_max_bits_value" value="521" />
      <property id="config.driver.psa_crypto.mbedtls_ecp_window_size" value="config.driver.psa_crypto.mbedtls_ecp_window_size.disabled" />
      <property id="config.driver.psa_crypto.mbedtls_ecp_window_size_value" value="6" />
      <property id="config.driver.psa_crypto.mbedtls_ecp_fixed_point_optim" value="config.driver.psa_crypto.mbedtls_ecp_fixed_point_optim.disabled" />
      <property id="config.driver.psa_crypto.mbedtls_ecp_fixed_point_optim_value" value="1" />
      <property id="config.driver.psa_crypto.mbedtls_entropy_max_sources" value="config.driver.psa_crypto.mbedtls_entropy_max_sources.disabled" />
      <property id="config.driver.psa_crypto.mbedtls_entropy_max_sources_value" value="20" />
      <property id="config.driver.psa_crypto.mbedtls_entropy_max_gather" value="config.driver.psa_crypto.mbedtls_entropy_max_gather.disabled" />
      <property id="config.driver.psa_crypto.mbedtls_entropy_max_gather_value" value="128" />
      <property id="config.driver.psa_crypto.mbedtls_entropy_min_hardware" value="config.driver.psa_crypto.mbedtls_entropy_min_hardware.disabled" />
      <property id="config.driver.psa_crypto.mbedtls_entropy_min_hardware_value" value="32" />
      <property id="config.driver.psa_crypto.mbedtls_memory_align_multiple" value="config.driver.psa_crypto.mbedtls_memory_align_multiple.disabled" />
      <property id="config.driver.psa_crypto.mbedtls_memory_align_multiple_value" value="4" />
      <property id="config.driver.psa_crypto.mbedtls_platform_std_calloc" value="config.driver.psa_crypto.mbedtls_platform_std_calloc.disabled" />
      <property id="config.driver.psa_crypto.mbedtls_platform_std_calloc_value" value="calloc" />
      <property id="config.driver.psa_crypto.mbedtls_platform_std_free" value="config.driver.psa_crypto.mbedtls_platform_std_free.disabled" />
      <property id="config.driver.psa_crypto.mbedtls_platform_std_free_value" value="free" />
      <property id="config.driver.psa_crypto.mbedtls_platform_std_exit" value="config.driver.psa_crypto.mbedtls_platform_std_exit.disabled" />
      <property id="config.driver.psa_crypto.mbedtls_platform_std_exit_value" value="exit" />
      <property id="config.driver.psa_crypto.mbedtls_platform_std_time" value="config.driver.psa_crypto.mbedtls_platform_std_time.disabled" />
      <property id="config.driver.psa_crypto.mbedtls_platform_std_time_value" value="time" />
      <property id="config.driver.psa_crypto.mbedtls_platform_std_fprintf" value="config.driver.psa_crypto.mbedtls_platform_std_fprintf.disabled" />
      <property id="config.driver.psa_crypto.mbedtls_platform_std_fprintf_value" value="fprintf" />
      <property id="config.driver.psa_crypto.mbedtls_platform_std_printf" value="config.driver.psa_crypto.mbedtls_platform_std_printf.disabled" />
      <property id="config.driver.psa_crypto.mbedtls_platform_std_printf_value" value="printf" />
      <property id="config.driver.psa_crypto.mbedtls_platform_std_snprintf" value="config.driver.psa_crypto.mbedtls_platform_std_snprintf.disabled" />
      <property id="config.driver.psa_crypto.mbedtls_platform_std_snprintf_value" value="snprintf" />
      <property id="config.driver.psa_crypto.mbedtls_platform_std_exit_success" value="config.driver.psa_crypto.mbedtls_platform_std_exit_success.disabled" />
      <property id="config.driver.psa_crypto.mbedtls_platform_std_exit_success_value" value="0" />
      <property id="config.driver.psa_crypto.mbedtls_platform_std_exit_failure" value="config.driver.psa_crypto.mbedtls_platform_std_exit_failure.disabled" />
      <property id="config.driver.psa_crypto.mbedtls_platform_std_exit_failure_value" value="1" />
      <property id="config.driver.psa_crypto.mbedtls_platform_std_nv_seed_read" value="config.driver.psa_crypto.mbedtls_platform_std_nv_seed_read.disabled" />
      <property id="config.driver.psa_crypto.mbedtls_platform_std_nv_seed_read_value" value="mbedtls_platform_std_nv_seed_read" />
      <property id="config.driver.psa_crypto.mbedtls_platform_std_nv_seed_write" value="config.driver.psa_crypto.mbedtls_platform_std_nv_seed_write.disabled" />
      <property id="config.driver.psa_crypto.mbedtls_platform_std_nv_seed_write_value" value="mbedtls_platform_std_nv_seed_write" />
      <property id="config.driver.psa_crypto.mbedtls_platform_std_nv_seed_file" value="config.driver.psa_crypto.mbedtls_platform_std_nv_seed_file.disabled" />
      <property id="config.driver.psa_crypto.mbedtls_platform_std_nv_seed_file_value" value="" />
      <property id="config.driver.psa_crypto.mbedtls_platform_calloc_macro" value="config.driver.psa_crypto.mbedtls_platform_calloc_macro.disabled" />
      <property id="config.driver.psa_crypto.mbedtls_platform_calloc_macro_value" value="calloc" />
      <property id="config.driver.psa_crypto.mbedtls_platform_free_macro" value="config.driver.psa_crypto.mbedtls_platform_free_macro.disabled" />
      <property id="config.driver.psa_crypto.mbedtls_platform_free_macro_value" value="free" />
      <property id="config.driver.psa_crypto.mbedtls_platform_exit_macro" value="config.driver.psa_crypto.mbedtls_platform_exit_macro.disabled" />
      <property id="config.driver.psa_crypto.mbedtls_platform_exit_macro_value" value="exit" />
      <property id="config.driver.psa_crypto.mbedtls_platform_time_macro" value="config.driver.psa_crypto.mbedtls_platform_time_macro.disabled" />
      <property id="config.driver.psa_crypto.mbedtls_platform_time_macro_value" value="time" />
      <property id="config.driver.psa_crypto.mbedtls_platform_time_type_macro" value="config.driver.psa_crypto.mbedtls_platform_time_type_macro.disabled" />
      <property id="config.driver.psa_crypto.mbedtls_platform_time_type_macro_value" value="time_t" />
      <property id="config.driver.psa_crypto.mbedtls_platform_fprintf_macro" value="config.driver.psa_crypto.mbedtls_platform_fprintf_macro.disabled" />
      <property id="config.driver.psa_crypto.mbedtls_platform_fprintf_macro_value" value="fprintf" />
      <property id="config.driver.psa_crypto.mbedtls_platform_printf_macro" value="config.driver.psa_crypto.mbedtls_platform_printf_macro.disabled" />
      <property id="config.driver.psa_crypto.mbedtls_platform_printf_macro_value" value="printf" />
      <property id="config.driver.psa_crypto.mbedtls_platform_snprintf_macro" value="config.driver.psa_crypto.mbedtls_platform_snprintf_macro.disabled" />
      <property id="config.driver.psa_crypto.mbedtls_platform_snprintf_macro_value" value="snprintf" />
      <property id="config.driver.psa_crypto.mbedtls_platform_vsnprintf_macro" value="config.driver.psa_crypto.mbedtls_platform_vsnprintf_macro.disabled" />
      <property id="config.driver.psa_crypto.mbedtls_platform_vsnprintf_macro_value" value="vsnprintf" />
      <property id="config.driver.psa_crypto.mbedtls_platform_nv_seed_read_macro" value="config.driver.psa_crypto.mbedtls_platform_nv_seed_read_macro.disabled" />
      <property id="config.driver.psa_crypto.mbedtls_platform_nv_seed_read_macro_value" value="mbedtls_platform_std_nv_seed_read" />
      <property id="config.driver.psa_crypto.mbedtls_param_failed" value="config.driver.psa_crypto.mbedtls_param_failed.disabled" />
      <property id="config.driver.psa_crypto.mbedtls_platform_nv_seed_write_macro" value="config.driver.psa_crypto.mbedtls_platform_nv_seed_write_macro.disabled" />
      <property id="config.driver.psa_crypto.mbedtls_platform_nv_seed_write_macro_value" value="mbedtls_platform_std_nv_seed_write" />
      <property id="config.driver.psa_crypto.mbedtls_platform_zeroize_alt" value="config.driver.psa_crypto.mbedtls_platform_zeroize_alt.disabled" />
      <property id="config.driver.psa_crypto.mbedtls_platform_gmtime_r_alt" value="config.driver.psa_crypto.mbedtls_platform_gmtime_r_alt.disabled" />
      <property id="config.driver.psa_crypto.mbedtls_ecdh_variant_everest_enabled" value="config.driver.psa_crypto.mbedtls_ecdh_variant_everest_enabled.disabled" />
    </config>
    <config id="config.driver.ioport">
      <property id="config.driver.ioport.checking" value="config.driver.ioport.checking.system" />
    </config>
  </raModuleConfiguration>
  <raPinConfiguration>
    <symbolicName propertyId="p000.symbolic_name" value="ARDUINO_A0_MIKROBUS_AN" />
    <symbolicName propertyId="p001.symbolic_name" value="ARDUINO_A1" />
    <symbolicName propertyId="p002.symbolic_name" value="ARDUINO_A2" />
    <symbolicName propertyId="p003.symbolic_name" value="ARDUINO_A3" />
    <symbolicName propertyId="p004.symbolic_name" value="USER_SW1" />
    <symbolicName propertyId="p012.symbolic_name" value="ARDUINO_A4" />
    <symbolicName propertyId="p014.symbolic_name" value="ARDUINO_A5" />
    <symbolicName propertyId="p015.symbolic_name" value="USER_SW2" />
    <symbolicName propertyId="p100.symbolic_name" value="ARDUINO_MISO_MIKROBUS_MISO_PMOD1_MISO" />
    <symbolicName propertyId="p101.symbolic_name" value="ARDUINO_MOSI_MIKROBUS_MOSI_PMOD1_MOSI" />
    <symbolicName propertyId="p102.symbolic_name" value="ARDUINO_CLK_MIKROBUS_CLK_PMOD1_CLK" />
    <symbolicName propertyId="p103.symbolic_name" value="PMOD1_SS" />
    <symbolicName propertyId="p104.symbolic_name" value="ARDUINO_SS_MIKROBUS_SS" />
    <symbolicName propertyId="p105.symbolic_name" value="PMOD1_IO1" />
    <symbolicName propertyId="p106.symbolic_name" value="PMOD1_IO2" />
    <symbolicName propertyId="p107.symbolic_name" value="ARDUINO_D4" />
    <symbolicName propertyId="p109.symbolic_name" value="ARDUINO_D8" />
    <symbolicName propertyId="p110.symbolic_name" value="ARDUINO_D2_MIKROBUS_INT" />
    <symbolicName propertyId="p111.symbolic_name" value="ARDUINO_D5" />
    <symbolicName propertyId="p112.symbolic_name" value="ARDUINO_D9" />
    <symbolicName propertyId="p113.symbolic_name" value="ARDUINO_D7" />
    <symbolicName propertyId="p202.symbolic_name" value="PMOD2_MISO" />
    <symbolicName propertyId="p203.symbolic_name" value="PMOD2_MOSI" />
    <symbolicName propertyId="p204.symbolic_name" value="PMOD2_CLK" />
    <symbolicName propertyId="p205.symbolic_name" value="PMOD2_SS" />
    <symbolicName propertyId="p206.symbolic_name" value="PMOD2_IO1" />
    <symbolicName propertyId="p207.symbolic_name" value="ARDUINO_RESET_MIKROBUS_RESET" />
    <symbolicName propertyId="p208.symbolic_name" value="PMOD1_RESET" />
    <symbolicName propertyId="p301.symbolic_name" value="GROVE1_SCL_QWIIC_SCL" />
    <symbolicName propertyId="p302.symbolic_name" value="GROVE1_SDA_QWIIC_SDA" />
    <symbolicName propertyId="p303.symbolic_name" value="PMOD2_RESET" />
    <symbolicName propertyId="p304.symbolic_name" value="PMOD2_IO2" />
    <symbolicName propertyId="p400.symbolic_name" value="ARDUINO_D3_MIKROBUS_PWM" />
    <symbolicName propertyId="p402.symbolic_name" value="PMOD1_INT" />
    <symbolicName propertyId="p407.symbolic_name" value="ARDUINO_SDA_MIKROBUS_SDA" />
    <symbolicName propertyId="p408.symbolic_name" value="ARDUINO_SCL_MIKROBUS_SCL" />
    <symbolicName propertyId="p409.symbolic_name" value="PMOD2_INT" />
    <symbolicName propertyId="p410.symbolic_name" value="ARDUINO_RX_MIKROBUS_RX" />
    <symbolicName propertyId="p411.symbolic_name" value="ARDUINO_TX_MIKROBUS_TX" />
    <symbolicName propertyId="p500.symbolic_name" value="ARDUINO_D6" />
    <symbolicName propertyId="p501.symbolic_name" value="GROVE2_SDA" />
    <symbolicName propertyId="p502.symbolic_name" value="GROVE2_SCL" />
    <symbolicName propertyId="p503.symbolic_name" value="USER_LED1" />
    <symbolicName propertyId="p504.symbolic_name" value="USER_LED2" />
    <symbolicName propertyId="p505.symbolic_name" value="USER_LED3" />
    <pincfg active="true" name="RA2L1 EK" selected="true" symbol="g_bsp_pin_cfg">
      <configSetting altId="adc0.an00.p000" configurationId="adc0.an00" />
      <configSetting altId="adc0.an01.p001" configurationId="adc0.an01" />
      <configSetting altId="adc0.an02.p002" configurationId="adc0.an02" />
      <configSetting altId="adc0.an03.p003" configurationId="adc0.an03" />
      <configSetting altId="adc0.an07.p012" configurationId="adc0.an07" />
      <configSetting altId="adc0.an09.p014" configurationId="adc0.an09" />
      <configSetting altId="adc0.mode.custom" configurationId="adc0.mode" />
      <configSetting altId="debug0.mode.swd" configurationId="debug0.mode" />
      <configSetting altId="debug0.swclk.p300" configurationId="debug0.swclk" />
      <configSetting altId="debug0.swdio.p108" configurationId="debug0.swdio" />
      <configSetting altId="gpt6.gtioca.p400" configurationId="gpt6.gtioca" />
      <configSetting altId="gpt6.mode.gtiocaorgtiocb.free" configurationId="gpt6.mode" />
      <configSetting altId="iic0.mode.enabled.free" configurationId="iic0.mode" />
      <configSetting altId="iic0.pairing.free" configurationId="iic0.pairing" />
      <configSetting altId="iic0.scl.p408" configurationId="iic0.scl" />
      <configSetting altId="iic0.sda.p407" configurationId="iic0.sda" />
      <configSetting altId="iic1.pairing.b" configurationId="iic1.pairing" />
      <configSetting altId="p000.asel" configurationId="p000" />
      <configSetting altId="p000.gpio_mode.gpio_mode_an" configurationId="p000.gpio_mode" />
      <configSetting altId="p001.asel" configurationId="p001" />
      <configSetting altId="p001.gpio_mode.gpio_mode_an" configurationId="p001.gpio_mode" />
      <configSetting altId="p002.asel" configurationId="p002" />
      <configSetting altId="p002.gpio_mode.gpio_mode_an" configurationId="p002.gpio_mode" />
      <configSetting altId="p003.asel" configurationId="p003" />
      <configSetting altId="p003.gpio_mode.gpio_mode_an" configurationId="p003.gpio_mode" />
      <configSetting altId="p004.input" configurationId="p004" />
      <configSetting altId="p004.gpio_irq.gpio_irq_enabled" configurationId="p004.gpio_irq" />
      <configSetting altId="p004.gpio_mode.gpio_mode_in" configurationId="p004.gpio_mode" />
      <configSetting altId="p012.asel" configurationId="p012" />
      <configSetting altId="p012.gpio_mode.gpio_mode_an" configurationId="p012.gpio_mode" />
      <configSetting altId="p014.asel" configurationId="p014" />
      <configSetting altId="p014.gpio_mode.gpio_mode_an" configurationId="p014.gpio_mode" />
      <configSetting altId="p015.input" configurationId="p015" />
      <configSetting altId="p015.gpio_irq.gpio_irq_enabled" configurationId="p015.gpio_irq" />
      <configSetting altId="p015.gpio_mode.gpio_mode_in" configurationId="p015.gpio_mode" />
      <configSetting altId="p100.spi0.miso" configurationId="p100" />
      <configSetting altId="p100.gpio_mode.gpio_mode_peripheral" configurationId="p100.gpio_mode" />
      <configSetting altId="p101.spi0.mosi" configurationId="p101" />
      <configSetting altId="p101.gpio_mode.gpio_mode_peripheral" configurationId="p101.gpio_mode" />
      <configSetting altId="p102.spi0.rspck" configurationId="p102" />
      <configSetting altId="p102.gpio_mode.gpio_mode_peripheral" configurationId="p102.gpio_mode" />
      <configSetting altId="p103.spi0.ssl0" configurationId="p103" />
      <configSetting altId="p103.gpio_mode.gpio_mode_peripheral" configurationId="p103.gpio_mode" />
      <configSetting altId="p104.spi0.ssl1" configurationId="p104" />
      <configSetting altId="p104.gpio_mode.gpio_mode_peripheral" configurationId="p104.gpio_mode" />
      <configSetting altId="p105.spi0.ssl2" configurationId="p105" />
      <configSetting altId="p105.gpio_mode.gpio_mode_peripheral" configurationId="p105.gpio_mode" />
      <configSetting altId="p106.spi0.ssl3" configurationId="p106" />
      <configSetting altId="p106.gpio_mode.gpio_mode_peripheral" configurationId="p106.gpio_mode" />
      <configSetting altId="p107.output.low" configurationId="p107" />
      <configSetting altId="p107.gpio_speed.gpio_speed_medium" configurationId="p107.gpio_drivecapacity" />
      <configSetting altId="p107.gpio_mode.gpio_mode_out.low" configurationId="p107.gpio_mode" />
      <configSetting altId="p108.debug0.swdio" configurationId="p108" />
      <configSetting altId="p108.gpio_mode.gpio_mode_peripheral" configurationId="p108.gpio_mode" />
      <configSetting altId="p109.output.low" configurationId="p109" />
      <configSetting altId="p109.gpio_speed.gpio_speed_medium" configurationId="p109.gpio_drivecapacity" />
      <configSetting altId="p109.gpio_mode.gpio_mode_out.low" configurationId="p109.gpio_mode" />
      <configSetting altId="p110.input" configurationId="p110" />
      <configSetting altId="p110.gpio_irq.gpio_irq_enabled" configurationId="p110.gpio_irq" />
      <configSetting altId="p110.gpio_mode.gpio_mode_in" configurationId="p110.gpio_mode" />
      <configSetting altId="p110.gpio_pupd.gpio_pupd_ip_up" configurationId="p110.gpio_pupd" />
      <configSetting altId="p111.output.low" configurationId="p111" />
      <configSetting altId="p111.gpio_speed.gpio_speed_medium" configurationId="p111.gpio_drivecapacity" />
      <configSetting altId="p111.gpio_mode.gpio_mode_out.low" configurationId="p111.gpio_mode" />
      <configSetting altId="p112.output.low" configurationId="p112" />
      <configSetting altId="p112.gpio_speed.gpio_speed_medium" configurationId="p112.gpio_drivecapacity" />
      <configSetting altId="p112.gpio_mode.gpio_mode_out.low" configurationId="p112.gpio_mode" />
      <configSetting altId="p113.output.low" configurationId="p113" />
      <configSetting altId="p113.gpio_speed.gpio_speed_medium" configurationId="p113.gpio_drivecapacity" />
      <configSetting altId="p113.gpio_mode.gpio_mode_out.low" configurationId="p113.gpio_mode" />
      <configSetting altId="p202.sci9.rxd" configurationId="p202" />
      <configSetting altId="p202.gpio_mode.gpio_mode_peripheral" configurationId="p202.gpio_mode" />
      <configSetting altId="p203.sci9.txd" configurationId="p203" />
      <configSetting altId="p203.gpio_mode.gpio_mode_peripheral" configurationId="p203.gpio_mode" />
      <configSetting altId="p204.sci9.sck" configurationId="p204" />
      <configSetting altId="p204.gpio_mode.gpio_mode_peripheral" configurationId="p204.gpio_mode" />
      <configSetting altId="p205.sci9.cts" configurationId="p205" />
      <configSetting altId="p205.gpio_mode.gpio_mode_peripheral" configurationId="p205.gpio_mode" />
      <configSetting altId="p206.output.low" configurationId="p206" />
      <configSetting altId="p206.gpio_mode.gpio_mode_out.low" configurationId="p206.gpio_mode" />
      <configSetting altId="p207.output.low" configurationId="p207" />
      <configSetting altId="p207.gpio_speed.gpio_speed_medium" configurationId="p207.gpio_drivecapacity" />
      <configSetting altId="p207.gpio_mode.gpio_mode_out.low" configurationId="p207.gpio_mode" />
      <configSetting altId="p208.output.low" configurationId="p208" />
      <configSetting altId="p208.gpio_speed.gpio_speed_medium" configurationId="p208.gpio_drivecapacity" />
      <configSetting altId="p208.gpio_mode.gpio_mode_out.low" configurationId="p208.gpio_mode" />
      <configSetting altId="p300.debug0.swclk" configurationId="p300" />
      <configSetting altId="p300.gpio_mode.gpio_mode_peripheral" configurationId="p300.gpio_mode" />
      <configSetting altId="p301.sci2.scl" configurationId="p301" />
      <configSetting altId="p301.gpio_mode.gpio_mode_peripheral" configurationId="p301.gpio_mode" />
      <configSetting altId="p301.gpio_otype.gpio_otype_n_ch_od" configurationId="p301.gpio_otype" />
      <configSetting altId="p302.sci2.sda" configurationId="p302" />
      <configSetting altId="p302.gpio_mode.gpio_mode_peripheral" configurationId="p302.gpio_mode" />
      <configSetting altId="p302.gpio_otype.gpio_otype_n_ch_od" configurationId="p302.gpio_otype" />
      <configSetting altId="p303.output.low" configurationId="p303" />
      <configSetting altId="p303.gpio_speed.gpio_speed_medium" configurationId="p303.gpio_drivecapacity" />
      <configSetting altId="p303.gpio_mode.gpio_mode_out.low" configurationId="p303.gpio_mode" />
      <configSetting altId="p304.output.low" configurationId="p304" />
      <configSetting altId="p304.gpio_speed.gpio_speed_medium" configurationId="p304.gpio_drivecapacity" />
      <configSetting altId="p304.gpio_mode.gpio_mode_out.low" configurationId="p304.gpio_mode" />
      <configSetting altId="p400.gpt6.gtioca" configurationId="p400" />
      <configSetting altId="p400.gpio_mode.gpio_mode_peripheral" configurationId="p400.gpio_mode" />
      <configSetting altId="p402.input" configurationId="p402" />
      <configSetting altId="p402.gpio_irq.gpio_irq_enabled" configurationId="p402.gpio_irq" />
      <configSetting altId="p402.gpio_mode.gpio_mode_in" configurationId="p402.gpio_mode" />
      <configSetting altId="p402.gpio_pupd.gpio_pupd_ip_up" configurationId="p402.gpio_pupd" />
      <configSetting altId="p407.iic0.sda" configurationId="p407" />
      <configSetting altId="p407.gpio_speed.gpio_speed_medium" configurationId="p407.gpio_drivecapacity" />
      <configSetting altId="p407.gpio_mode.gpio_mode_peripheral" configurationId="p407.gpio_mode" />
      <configSetting altId="p408.iic0.scl" configurationId="p408" />
      <configSetting altId="p408.gpio_speed.gpio_speed_mediumiic" configurationId="p408.gpio_drivecapacity" />
      <configSetting altId="p408.gpio_mode.gpio_mode_peripheral" configurationId="p408.gpio_mode" />
      <configSetting altId="p409.input" configurationId="p409" />
      <configSetting altId="p409.gpio_irq.gpio_irq_enabled" configurationId="p409.gpio_irq" />
      <configSetting altId="p409.gpio_mode.gpio_mode_in" configurationId="p409.gpio_mode" />
      <configSetting altId="p409.gpio_pupd.gpio_pupd_ip_up" configurationId="p409.gpio_pupd" />
      <configSetting altId="p410.sci0.rxd" configurationId="p410" />
      <configSetting altId="p410.gpio_mode.gpio_mode_peripheral" configurationId="p410.gpio_mode" />
      <configSetting altId="p411.sci0.txd" configurationId="p411" />
      <configSetting altId="p411.gpio_mode.gpio_mode_peripheral" configurationId="p411.gpio_mode" />
      <configSetting altId="p500.output.low" configurationId="p500" />
      <configSetting altId="p500.gpio_speed.gpio_speed_medium" configurationId="p500.gpio_drivecapacity" />
      <configSetting altId="p500.gpio_mode.gpio_mode_out.low" configurationId="p500.gpio_mode" />
      <configSetting altId="p501.sci1.sda" configurationId="p501" />
      <configSetting altId="p501.gpio_mode.gpio_mode_peripheral" configurationId="p501.gpio_mode" />
      <configSetting altId="p501.gpio_otype.gpio_otype_n_ch_od" configurationId="p501.gpio_otype" />
      <configSetting altId="p502.sci1.scl" configurationId="p502" />
      <configSetting altId="p502.gpio_mode.gpio_mode_peripheral" configurationId="p502.gpio_mode" />
      <configSetting altId="p502.gpio_otype.gpio_otype_n_ch_od" configurationId="p502.gpio_otype" />
      <configSetting altId="p503.output.low" configurationId="p503" />
      <configSetting altId="p503.gpio_speed.gpio_speed_medium" configurationId="p503.gpio_drivecapacity" />
      <configSetting altId="p503.gpio_mode.gpio_mode_out.low" configurationId="p503.gpio_mode" />
      <configSetting altId="p504.output.low" configurationId="p504" />
      <configSetting altId="p504.gpio_speed.gpio_speed_medium" configurationId="p504.gpio_drivecapacity" />
      <configSetting altId="p504.gpio_mode.gpio_mode_out.low" configurationId="p504.gpio_mode" />
      <configSetting altId="p505.output.low" configurationId="p505" />
      <configSetting altId="p505.gpio_speed.gpio_speed_medium" configurationId="p505.gpio_drivecapacity" />
      <configSetting altId="p505.gpio_mode.gpio_mode_out.low" configurationId="p505.gpio_mode" />
      <configSetting altId="sci0.mode.asynchronous.b" configurationId="sci0.mode" />
      <configSetting altId="sci0.pairing.b" configurationId="sci0.pairing" />
      <configSetting altId="sci0.rxd.p410" configurationId="sci0.rxd" />
      <configSetting altId="sci0.txd.p411" configurationId="sci0.txd" />
      <configSetting altId="sci1.mode.iic.c" configurationId="sci1.mode" />
      <configSetting altId="sci1.pairing.c" configurationId="sci1.pairing" />
      <configSetting altId="sci1.scl.p502" configurationId="sci1.scl" />
      <configSetting altId="sci1.sda.p501" configurationId="sci1.sda" />
      <configSetting altId="sci2.mode.iic.free" configurationId="sci2.mode" />
      <configSetting altId="sci2.scl.p301" configurationId="sci2.scl" />
      <configSetting altId="sci2.sda.p302" configurationId="sci2.sda" />
      <configSetting altId="sci9.cts.p205" configurationId="sci9.cts" />
      <configSetting altId="sci9.mode.spi.free" configurationId="sci9.mode" />
      <configSetting altId="sci9.rxd.p202" configurationId="sci9.rxd" />
      <configSetting altId="sci9.sck.p204" configurationId="sci9.sck" />
      <configSetting altId="sci9.txd.p203" configurationId="sci9.txd" />
      <configSetting altId="spi0.miso.p100" configurationId="spi0.miso" />
      <configSetting altId="spi0.mode.enabled.free" configurationId="spi0.mode" />
      <configSetting altId="spi0.mosi.p101" configurationId="spi0.mosi" />
      <configSetting altId="spi0.pairing.free" configurationId="spi0.pairing" />
      <configSetting altId="spi0.rspck.p102" configurationId="spi0.rspck" />
      <configSetting altId="spi0.ssl0.p103" configurationId="spi0.ssl0" />
      <configSetting altId="spi0.ssl1.p104" configurationId="spi0.ssl1" />
      <configSetting altId="spi0.ssl2.p105" configurationId="spi0.ssl2" />
      <configSetting altId="spi0.ssl3.p106" configurationId="spi0.ssl3" />
      <configSetting altId="spi1.pairing.free" configurationId="spi1.pairing" />
    </pincfg>
    <pincfg active="false" name="R7FA2L1AB2DFP.pincfg" selected="false" symbol="">
      <configSetting altId="debug0.mode.swd" configurationId="debug0.mode" />
      <configSetting altId="debug0.swclk.p300" configurationId="debug0.swclk" />
      <configSetting altId="debug0.swdio.p108" configurationId="debug0.swdio" />
      <configSetting altId="p108.debug0.swdio" configurationId="p108" />
      <configSetting altId="p108.gpio_mode.gpio_mode_peripheral" configurationId="p108.gpio_mode" />
      <configSetting altId="p300.debug0.swclk" configurationId="p300" />
      <configSetting altId="p300.gpio_mode.gpio_mode_peripheral" configurationId="p300.gpio_mode" />
    </pincfg>
  </raPinConfiguration>
</raConfiguration>